project_name,aggregation_interval (min),display_link_index,from_node_id,to_node_id,link_name,timestamp (min),hour,min,Link Inflow Volume (vph),Link Outflow Volume (vph),Lane Inflow Volume(vphpl),Speed,Density (vpmpl),Queue Length as Percentage of Link Length,Cumulative Arrival Count,Cumulative Departure Count,
node,1,1,30,31, ,0,0,0,0,-4.84289e-39,0,0,0,0,0,0,
node,1,2,30,31, ,1,0,1,0,0,0,0,0,0,0,0,
node,1,3,30,31, ,2,0,2,0,0,0,0,0,0,0,0,
node,1,4,30,31, ,3,0,3,0,0,0,0,0,0,0,0,
node,1,5,30,31, ,4,0,4,0,0,0,0,0,0,0,0,
node,1,6,30,31, ,5,0,5,0,0,0,0,0,0,0,0,
node,1,7,30,31, ,6,0,6,0,0,0,0,0,0,0,0,
node,1,8,30,31, ,7,0,7,0,0,0,0,0,0,0,0,
node,1,9,30,31, ,8,0,8,0,0,0,0,0,0,0,0,
node,1,10,30,31, ,9,0,9,0,0,0,0,0,0,0,0,
node,1,11,30,31, ,10,0,10,0,0,0,0,0,0,0,0,
node,1,12,30,31, ,11,0,11,0,0,0,0,0,0,0,0,
node,1,13,30,31, ,12,0,12,0,0,0,0,0,0,0,0,
node,1,14,30,31, ,13,0,13,0,0,0,0,0,0,0,0,
node,1,15,30,31, ,14,0,14,0,0,0,0,0,0,0,0,
node,1,16,30,31, ,15,0,15,0,0,0,0,0,0,0,0,
node,1,17,30,31, ,16,0,16,0,0,0,0,0,0,0,0,
node,1,18,30,31, ,17,0,17,0,0,0,0,0,0,0,0,
node,1,19,30,31, ,18,0,18,0,0,0,0,0,0,0,0,
node,1,20,30,31, ,19,0,19,0,0,0,0,0,0,0,0,
node,1,21,30,31, ,20,0,20,0,0,0,0,0,0,0,0,
node,1,22,30,31, ,21,0,21,0,0,0,0,0,0,0,0,
node,1,23,30,31, ,22,0,22,0,0,0,0,0,0,0,0,
node,1,24,30,31, ,23,0,23,0,0,0,0,0,0,0,0,
node,1,25,30,31, ,24,0,24,0,0,0,0,0,0,0,0,
node,1,26,30,31, ,25,0,25,0,0,0,0,0,0,0,0,
node,1,27,30,31, ,26,0,26,0,0,0,0,0,0,0,0,
node,1,28,30,31, ,27,0,27,0,0,0,0,0,0,0,0,
node,1,29,30,31, ,28,0,28,0,0,0,0,0,0,0,0,
node,1,30,30,31, ,29,0,29,0,0,0,0,0,0,0,0,
node,1,31,30,31, ,30,0,30,0,0,0,0,0,0,0,0,
node,1,32,30,31, ,31,0,31,0,0,0,0,0,0,0,0,
node,1,33,30,31, ,32,0,32,0,0,0,0,0,0,0,0,
node,1,34,30,31, ,33,0,33,0,0,0,0,0,0,0,0,
node,1,35,30,31, ,34,0,34,0,0,0,0,0,0,0,0,
node,1,36,30,31, ,35,0,35,0,0,0,0,0,0,0,0,
node,1,37,30,31, ,36,0,36,0,0,0,0,0,0,0,0,
node,1,38,30,31, ,37,0,37,0,0,0,0,0,0,0,0,
node,1,39,30,31, ,38,0,38,0,0,0,0,0,0,0,0,
node,1,40,30,31, ,39,0,39,0,0,0,0,0,0,0,0,
node,1,41,30,31, ,40,0,40,0,0,0,0,0,0,0,0,
node,1,42,30,31, ,41,0,41,0,0,0,0,0,0,0,0,
node,1,43,30,31, ,42,0,42,0,0,0,0,0,0,0,0,
node,1,44,30,31, ,43,0,43,0,0,0,0,0,0,0,0,
node,1,45,30,31, ,44,0,44,0,0,0,0,0,0,0,0,
node,1,46,30,31, ,45,0,45,0,0,0,0,0,0,0,0,
node,1,47,30,31, ,46,0,46,0,0,0,0,0,0,0,0,
node,1,48,30,31, ,47,0,47,0,0,0,0,0,0,0,0,
node,1,49,30,31, ,48,0,48,0,0,0,0,0,0,0,0,
node,1,50,30,31, ,49,0,49,0,0,0,0,0,0,0,0,
node,1,51,30,31, ,50,0,50,0,0,0,0,0,0,0,0,
node,1,52,30,31, ,51,0,51,0,0,0,0,0,0,0,0,
node,1,53,30,31, ,52,0,52,0,0,0,0,0,0,0,0,
node,1,54,30,31, ,53,0,53,0,0,0,0,0,0,0,0,
node,1,55,30,31, ,54,0,54,0,0,0,0,0,0,0,0,
node,1,56,30,31, ,55,0,55,0,0,0,0,0,0,0,0,
node,1,57,30,31, ,56,0,56,0,0,0,0,0,0,0,0,
node,1,58,30,31, ,57,0,57,0,0,0,0,0,0,0,0,
node,1,59,30,31, ,58,0,58,0,0,0,0,0,0,0,0,
node,1,60,30,31, ,59,0,59,0,0,0,0,0,0,0,0,
node,1,61,30,31, ,60,1,59,0,0,0,0,0,0,0,0,
node,1,62,30,31, ,61,1,60,0,0,0,0,0,0,0,0,
node,1,63,30,31, ,62,1,61,0,0,0,0,0,0,0,0,
node,1,64,30,31, ,63,1,62,0,0,0,0,0,0,0,0,
node,1,65,30,31, ,64,1,63,0,0,0,0,0,0,0,0,
node,1,66,30,31, ,65,1,64,0,0,0,0,0,0,0,0,
node,1,67,30,31, ,66,1,65,0,0,0,0,0,0,0,0,
node,1,68,30,31, ,67,1,66,0,0,0,0,0,0,0,0,
node,1,69,30,31, ,68,1,67,0,0,0,0,0,0,0,0,
node,1,70,30,31, ,69,1,68,0,0,0,0,0,0,0,0,
node,1,71,30,31, ,70,1,69,0,0,0,0,0,0,0,0,
node,1,72,30,31, ,71,1,70,0,0,0,0,0,0,0,0,
node,1,73,30,31, ,72,1,71,0,0,0,0,0,0,0,0,
node,1,74,30,31, ,73,1,72,0,0,0,0,0,0,0,0,
node,1,75,30,31, ,74,1,73,0,0,0,0,0,0,0,0,
node,1,76,30,31, ,75,1,74,0,0,0,0,0,0,0,0,
node,1,77,30,31, ,76,1,75,0,0,0,0,0,0,0,0,
node,1,78,30,31, ,77,1,76,0,0,0,0,0,0,0,0,
node,1,79,30,31, ,78,1,77,0,0,0,0,0,0,0,0,
node,1,80,30,31, ,79,1,78,0,0,0,0,0,0,0,0,
node,1,81,30,31, ,80,1,79,0,0,0,0,0,0,0,0,
node,1,82,30,31, ,81,1,80,0,0,0,0,0,0,0,0,
node,1,83,30,31, ,82,1,81,0,0,0,0,0,0,0,0,
node,1,84,30,31, ,83,1,82,0,0,0,0,0,0,0,0,
node,1,85,30,31, ,84,1,83,0,0,0,0,0,0,0,0,
node,1,86,30,31, ,85,1,84,0,0,0,0,0,0,0,0,
node,1,87,30,31, ,86,1,85,0,0,0,0,0,0,0,0,
node,1,88,30,31, ,87,1,86,0,0,0,0,0,0,0,0,
node,1,89,30,31, ,88,1,87,0,0,0,0,0,0,0,0,
node,1,90,30,31, ,89,1,88,0,0,0,0,0,0,0,0,
node,1,91,30,31, ,90,1,89,0,0,0,0,0,0,0,0,
node,1,92,30,31, ,91,1,90,0,0,0,0,0,0,0,0,
node,1,93,30,31, ,92,1,91,0,0,0,0,0,0,0,0,
node,1,94,30,31, ,93,1,92,0,0,0,0,0,0,0,0,
node,1,95,30,31, ,94,1,93,0,0,0,0,0,0,0,0,
node,1,96,30,31, ,95,1,94,0,0,0,0,0,0,0,0,
node,1,97,30,31, ,96,1,95,0,0,0,0,0,0,0,0,
node,1,98,30,31, ,97,1,96,0,0,0,0,0,0,0,0,
node,1,99,30,31, ,98,1,97,0,0,0,0,0,0,0,0,
node,1,100,30,31, ,99,1,98,0,0,0,0,0,0,0,0,
node,1,101,30,31, ,100,1,99,0,0,0,0,0,0,0,0,
node,1,102,30,31, ,101,1,100,0,0,0,0,0,0,0,0,
node,1,103,30,31, ,102,1,101,0,0,0,0,0,0,0,0,
node,1,104,30,31, ,103,1,102,0,0,0,0,0,0,0,0,
node,1,105,30,31, ,104,1,103,0,0,0,0,0,0,0,0,
node,1,106,30,31, ,105,1,104,0,0,0,0,0,0,0,0,
node,1,107,30,31, ,106,1,105,0,0,0,0,0,0,0,0,
node,1,108,30,31, ,107,1,106,0,0,0,0,0,0,0,0,
node,1,109,30,31, ,108,1,107,0,0,0,0,0,0,0,0,
node,1,110,30,31, ,109,1,108,0,0,0,0,0,0,0,0,
node,1,111,30,31, ,110,1,109,0,0,0,0,0,0,0,0,
node,1,112,30,31, ,111,1,110,0,0,0,0,0,0,0,0,
node,1,113,30,31, ,112,1,111,0,0,0,0,0,0,0,0,
node,1,114,30,31, ,113,1,112,0,0,0,0,0,0,0,0,
node,1,115,30,31, ,114,1,113,0,0,0,0,0,0,0,0,
node,1,116,30,31, ,115,1,114,0,0,0,0,0,0,0,0,
node,1,117,30,31, ,116,1,115,0,0,0,0,0,0,0,0,
node,1,118,30,31, ,117,1,116,0,0,0,0,0,0,0,0,
node,1,119,30,31, ,118,1,117,0,0,0,0,0,0,0,0,
node,1,120,30,31, ,119,1,118,0,0,0,0,0,0,0,0,
node,1,121,30,31, ,120,2,118,0,0,0,0,0,0,0,0,
node,1,122,30,31, ,121,2,119,0,0,0,0,0,0,0,0,
node,1,123,30,31, ,122,2,120,0,0,0,0,0,0,0,0,
node,1,124,30,31, ,123,2,121,0,0,0,0,0,0,0,0,
node,1,125,30,31, ,124,2,122,0,0,0,0,0,0,0,0,
node,1,126,30,31, ,125,2,123,0,0,0,0,0,0,0,0,
node,1,127,30,31, ,126,2,124,0,0,0,0,0,0,0,0,
node,1,128,30,31, ,127,2,125,0,0,0,0,0,0,0,0,
node,1,129,30,31, ,128,2,126,0,0,0,0,0,0,0,0,
node,1,130,30,31, ,129,2,127,0,0,0,0,0,0,0,0,
node,1,131,30,31, ,130,2,128,0,0,0,0,0,0,0,0,
node,1,132,30,31, ,131,2,129,0,0,0,0,0,0,0,0,
node,1,133,30,31, ,132,2,130,0,0,0,0,0,0,0,0,
node,1,134,30,31, ,133,2,131,0,0,0,0,0,0,0,0,
node,1,135,30,31, ,134,2,132,0,0,0,0,0,0,0,0,
node,1,136,30,31, ,135,2,133,0,0,0,0,0,0,0,0,
node,1,137,30,31, ,136,2,134,0,0,0,0,0,0,0,0,
node,1,138,30,31, ,137,2,135,0,0,0,0,0,0,0,0,
node,1,139,30,31, ,138,2,136,0,0,0,0,0,0,0,0,
node,1,140,30,31, ,139,2,137,0,0,0,0,0,0,0,0,
node,1,141,30,31, ,140,2,138,0,0,0,0,0,0,0,0,
node,1,142,30,31, ,141,2,139,0,0,0,0,0,0,0,0,
node,1,143,30,31, ,142,2,140,0,0,0,0,0,0,0,0,
node,1,144,30,31, ,143,2,141,0,0,0,0,0,0,0,0,
node,1,145,30,31, ,144,2,142,0,0,0,0,0,0,0,0,
node,1,146,30,31, ,145,2,143,0,0,0,0,0,0,0,0,
node,1,147,30,31, ,146,2,144,0,0,0,0,0,0,0,0,
node,1,148,30,31, ,147,2,145,0,0,0,0,0,0,0,0,
node,1,149,30,31, ,148,2,146,0,0,0,0,0,0,0,0,
node,1,150,30,31, ,149,2,147,0,0,0,0,0,0,0,0,
node,1,151,30,31, ,150,2,148,0,0,0,0,0,0,0,0,
node,1,152,30,31, ,151,2,149,0,0,0,0,0,0,0,0,
node,1,153,30,31, ,152,2,150,0,0,0,0,0,0,0,0,
node,1,154,30,31, ,153,2,151,0,0,0,0,0,0,0,0,
node,1,155,30,31, ,154,2,152,0,0,0,0,0,0,0,0,
node,1,156,30,31, ,155,2,153,0,0,0,0,0,0,0,0,
node,1,157,30,31, ,156,2,154,0,0,0,0,0,0,0,0,
node,1,158,30,31, ,157,2,155,0,0,0,0,0,0,0,0,
node,1,159,30,31, ,158,2,156,0,0,0,0,0,0,0,0,
node,1,160,30,31, ,159,2,157,0,0,0,0,0,0,0,0,
node,1,161,30,31, ,160,2,158,0,0,0,0,0,0,0,0,
node,1,162,30,31, ,161,2,159,0,0,0,0,0,0,0,0,
node,1,163,30,31, ,162,2,160,0,0,0,0,0,0,0,0,
node,1,164,30,31, ,163,2,161,0,0,0,0,0,0,0,0,
node,1,165,30,31, ,164,2,162,0,0,0,0,0,0,0,0,
node,1,166,30,31, ,165,2,163,0,0,0,0,0,0,0,0,
node,1,167,30,31, ,166,2,164,0,0,0,0,0,0,0,0,
node,1,168,30,31, ,167,2,165,0,0,0,0,0,0,0,0,
node,1,169,30,31, ,168,2,166,0,0,0,0,0,0,0,0,
node,1,170,30,31, ,169,2,167,0,0,0,0,0,0,0,0,
node,1,171,30,31, ,170,2,168,0,0,0,0,0,0,0,0,
node,1,172,30,31, ,171,2,169,0,0,0,0,0,0,0,0,
node,1,173,30,31, ,172,2,170,0,0,0,0,0,0,0,0,
node,1,174,30,31, ,173,2,171,0,0,0,0,0,0,0,0,
node,1,175,30,31, ,174,2,172,0,0,0,0,0,0,0,0,
node,1,176,30,31, ,175,2,173,0,0,0,0,0,0,0,0,
node,1,177,30,31, ,176,2,174,0,0,0,0,0,0,0,0,
node,1,178,30,31, ,177,2,175,0,0,0,0,0,0,0,0,
node,1,179,30,31, ,178,2,176,0,0,0,0,0,0,0,0,
node,1,180,30,31, ,179,2,177,0,0,0,0,0,0,0,0,
node,1,181,30,31, ,180,3,177,0,0,0,0,0,0,0,0,
node,1,182,30,31, ,181,3,178,0,0,0,0,0,0,0,0,
node,1,183,30,31, ,182,3,179,0,0,0,0,0,0,0,0,
node,1,184,30,31, ,183,3,180,0,0,0,0,0,0,0,0,
node,1,185,30,31, ,184,3,181,0,0,0,0,0,0,0,0,
node,1,186,30,31, ,185,3,182,0,0,0,0,0,0,0,0,
node,1,187,30,31, ,186,3,183,0,0,0,0,0,0,0,0,
node,1,188,30,31, ,187,3,184,0,0,0,0,0,0,0,0,
node,1,189,30,31, ,188,3,185,0,0,0,0,0,0,0,0,
node,1,190,30,31, ,189,3,186,0,0,0,0,0,0,0,0,
node,1,191,30,31, ,190,3,187,0,0,0,0,0,0,0,0,
node,1,192,30,31, ,191,3,188,0,0,0,0,0,0,0,0,
node,1,193,30,31, ,192,3,189,0,0,0,0,0,0,0,0,
node,1,194,30,31, ,193,3,190,0,0,0,0,0,0,0,0,
node,1,195,30,31, ,194,3,191,0,0,0,0,0,0,0,0,
node,1,196,30,31, ,195,3,192,0,0,0,0,0,0,0,0,
node,1,197,30,31, ,196,3,193,0,0,0,0,0,0,0,0,
node,1,198,30,31, ,197,3,194,0,0,0,0,0,0,0,0,
node,1,199,30,31, ,198,3,195,0,0,0,0,0,0,0,0,
node,1,200,30,31, ,199,3,196,0,0,0,0,0,0,0,0,
node,1,201,30,31, ,200,3,197,0,0,0,0,0,0,0,0,
node,1,202,30,31, ,201,3,198,0,0,0,0,0,0,0,0,
node,1,203,30,31, ,202,3,199,0,0,0,0,0,0,0,0,
node,1,204,30,31, ,203,3,200,0,0,0,0,0,0,0,0,
node,1,205,30,31, ,204,3,201,0,0,0,0,0,0,0,0,
node,1,206,30,31, ,205,3,202,0,0,0,0,0,0,0,0,
node,1,207,30,31, ,206,3,203,0,0,0,0,0,0,0,0,
node,1,208,30,31, ,207,3,204,0,0,0,0,0,0,0,0,
node,1,209,30,31, ,208,3,205,0,0,0,0,0,0,0,0,
node,1,210,30,31, ,209,3,206,0,0,0,0,0,0,0,0,
node,1,211,30,31, ,210,3,207,0,0,0,0,0,0,0,0,
node,1,212,30,31, ,211,3,208,0,0,0,0,0,0,0,0,
node,1,213,30,31, ,212,3,209,0,0,0,0,0,0,0,0,
node,1,214,30,31, ,213,3,210,0,0,0,0,0,0,0,0,
node,1,215,30,31, ,214,3,211,0,0,0,0,0,0,0,0,
node,1,216,30,31, ,215,3,212,0,0,0,0,0,0,0,0,
node,1,217,30,31, ,216,3,213,0,0,0,0,0,0,0,0,
node,1,218,30,31, ,217,3,214,0,0,0,0,0,0,0,0,
node,1,219,30,31, ,218,3,215,0,0,0,0,0,0,0,0,
node,1,220,30,31, ,219,3,216,0,0,0,0,0,0,0,0,
node,1,221,30,31, ,220,3,217,0,0,0,0,0,0,0,0,
node,1,222,30,31, ,221,3,218,0,0,0,0,0,0,0,0,
node,1,223,30,31, ,222,3,219,0,0,0,0,0,0,0,0,
node,1,224,30,31, ,223,3,220,0,0,0,0,0,0,0,0,
node,1,225,30,31, ,224,3,221,0,0,0,0,0,0,0,0,
node,1,226,30,31, ,225,3,222,0,0,0,0,0,0,0,0,
node,1,227,30,31, ,226,3,223,0,0,0,0,0,0,0,0,
node,1,228,30,31, ,227,3,224,0,0,0,0,0,0,0,0,
node,1,229,30,31, ,228,3,225,0,0,0,0,0,0,0,0,
node,1,230,30,31, ,229,3,226,0,0,0,0,0,0,0,0,
node,1,231,30,31, ,230,3,227,0,0,0,0,0,0,0,0,
node,1,232,30,31, ,231,3,228,0,0,0,0,0,0,0,0,
node,1,233,30,31, ,232,3,229,0,0,0,0,0,0,0,0,
node,1,234,30,31, ,233,3,230,0,0,0,0,0,0,0,0,
node,1,235,30,31, ,234,3,231,0,0,0,0,0,0,0,0,
node,1,236,30,31, ,235,3,232,0,0,0,0,0,0,0,0,
node,1,237,30,31, ,236,3,233,0,0,0,0,0,0,0,0,
node,1,238,30,31, ,237,3,234,0,0,0,0,0,0,0,0,
node,1,239,30,31, ,238,3,235,0,0,0,0,0,0,0,0,
node,1,240,30,31, ,239,3,236,0,0,0,0,0,0,0,0,
node,1,241,30,31, ,240,4,236,0,0,0,0,0,0,0,0,
node,1,242,30,31, ,241,4,237,0,0,0,0,0,0,0,0,
node,1,243,30,31, ,242,4,238,0,0,0,0,0,0,0,0,
node,1,244,30,31, ,243,4,239,0,0,0,0,0,0,0,0,
node,1,245,30,31, ,244,4,240,0,0,0,0,0,0,0,0,
node,1,246,30,31, ,245,4,241,0,0,0,0,0,0,0,0,
node,1,247,30,31, ,246,4,242,0,0,0,0,0,0,0,0,
node,1,248,30,31, ,247,4,243,0,0,0,0,0,0,0,0,
node,1,249,30,31, ,248,4,244,0,0,0,0,0,0,0,0,
node,1,250,30,31, ,249,4,245,0,0,0,0,0,0,0,0,
node,1,251,30,31, ,250,4,246,0,0,0,0,0,0,0,0,
node,1,252,30,31, ,251,4,247,0,0,0,0,0,0,0,0,
node,1,253,30,31, ,252,4,248,0,0,0,0,0,0,0,0,
node,1,254,30,31, ,253,4,249,0,0,0,0,0,0,0,0,
node,1,255,30,31, ,254,4,250,0,0,0,0,0,0,0,0,
node,1,256,30,31, ,255,4,251,0,0,0,0,0,0,0,0,
node,1,257,30,31, ,256,4,252,0,0,0,0,0,0,0,0,
node,1,258,30,31, ,257,4,253,0,0,0,0,0,0,0,0,
node,1,259,30,31, ,258,4,254,0,0,0,0,0,0,0,0,
node,1,260,30,31, ,259,4,255,0,0,0,0,0,0,0,0,
node,1,261,30,31, ,260,4,256,0,0,0,0,0,0,0,0,
node,1,262,30,31, ,261,4,257,0,0,0,0,0,0,0,0,
node,1,263,30,31, ,262,4,258,0,0,0,0,0,0,0,0,
node,1,264,30,31, ,263,4,259,0,0,0,0,0,0,0,0,
node,1,265,30,31, ,264,4,260,0,0,0,0,0,0,0,0,
node,1,266,30,31, ,265,4,261,0,0,0,0,0,0,0,0,
node,1,267,30,31, ,266,4,262,0,0,0,0,0,0,0,0,
node,1,268,30,31, ,267,4,263,0,0,0,0,0,0,0,0,
node,1,269,30,31, ,268,4,264,0,0,0,0,0,0,0,0,
node,1,270,30,31, ,269,4,265,0,0,0,0,0,0,0,0,
node,1,271,30,31, ,270,4,266,0,0,0,0,0,0,0,0,
node,1,272,30,31, ,271,4,267,0,0,0,0,0,0,0,0,
node,1,273,30,31, ,272,4,268,0,0,0,0,0,0,0,0,
node,1,274,30,31, ,273,4,269,0,0,0,0,0,0,0,0,
node,1,275,30,31, ,274,4,270,0,0,0,0,0,0,0,0,
node,1,276,30,31, ,275,4,271,0,0,0,0,0,0,0,0,
node,1,277,30,31, ,276,4,272,0,0,0,0,0,0,0,0,
node,1,278,30,31, ,277,4,273,0,0,0,0,0,0,0,0,
node,1,279,30,31, ,278,4,274,0,0,0,0,0,0,0,0,
node,1,280,30,31, ,279,4,275,0,0,0,0,0,0,0,0,
node,1,281,30,31, ,280,4,276,0,0,0,0,0,0,0,0,
node,1,282,30,31, ,281,4,277,0,0,0,0,0,0,0,0,
node,1,283,30,31, ,282,4,278,0,0,0,0,0,0,0,0,
node,1,284,30,31, ,283,4,279,0,0,0,0,0,0,0,0,
node,1,285,30,31, ,284,4,280,0,0,0,0,0,0,0,0,
node,1,286,30,31, ,285,4,281,0,0,0,0,0,0,0,0,
node,1,287,30,31, ,286,4,282,0,0,0,0,0,0,0,0,
node,1,288,30,31, ,287,4,283,0,0,0,0,0,0,0,0,
node,1,289,30,31, ,288,4,284,0,0,0,0,0,0,0,0,
node,1,290,30,31, ,289,4,285,0,0,0,0,0,0,0,0,
node,1,291,30,31, ,290,4,286,0,0,0,0,0,0,0,0,
node,1,292,30,31, ,291,4,287,0,0,0,0,0,0,0,0,
node,1,293,30,31, ,292,4,288,0,0,0,0,0,0,0,0,
node,1,294,30,31, ,293,4,289,0,0,0,0,0,0,0,0,
node,1,295,30,31, ,294,4,290,0,0,0,0,0,0,0,0,
node,1,296,30,31, ,295,4,291,0,0,0,0,0,0,0,0,
node,1,297,30,31, ,296,4,292,0,0,0,0,0,0,0,0,
node,1,298,30,31, ,297,4,293,0,0,0,0,0,0,0,0,
node,1,299,30,31, ,298,4,294,0,0,0,0,0,0,0,0,
node,1,300,30,31, ,299,4,295,0,0,0,0,0,0,0,0,
node,1,301,30,31, ,300,5,295,0,0,0,0,0,0,0,0,
node,1,302,30,31, ,301,5,296,0,0,0,0,0,0,0,0,
node,1,303,30,31, ,302,5,297,0,0,0,0,0,0,0,0,
node,1,304,30,31, ,303,5,298,0,0,0,0,0,0,0,0,
node,1,305,30,31, ,304,5,299,0,0,0,0,0,0,0,0,
node,1,306,30,31, ,305,5,300,0,0,0,0,0,0,0,0,
node,1,307,30,31, ,306,5,301,0,0,0,0,0,0,0,0,
node,1,308,30,31, ,307,5,302,0,0,0,0,0,0,0,0,
node,1,309,30,31, ,308,5,303,0,0,0,0,0,0,0,0,
node,1,310,30,31, ,309,5,304,0,0,0,0,0,0,0,0,
node,1,311,30,31, ,310,5,305,0,0,0,0,0,0,0,0,
node,1,312,30,31, ,311,5,306,0,0,0,0,0,0,0,0,
node,1,313,30,31, ,312,5,307,0,0,0,0,0,0,0,0,
node,1,314,30,31, ,313,5,308,0,0,0,0,0,0,0,0,
node,1,315,30,31, ,314,5,309,0,0,0,0,0,0,0,0,
node,1,316,30,31, ,315,5,310,0,0,0,0,0,0,0,0,
node,1,317,30,31, ,316,5,311,0,0,0,0,0,0,0,0,
node,1,318,30,31, ,317,5,312,0,0,0,0,0,0,0,0,
node,1,319,30,31, ,318,5,313,0,0,0,0,0,0,0,0,
node,1,320,30,31, ,319,5,314,0,0,0,0,0,0,0,0,
node,1,321,30,31, ,320,5,315,0,0,0,0,0,0,0,0,
node,1,322,30,31, ,321,5,316,0,0,0,0,0,0,0,0,
node,1,323,30,31, ,322,5,317,0,0,0,0,0,0,0,0,
node,1,324,30,31, ,323,5,318,0,0,0,0,0,0,0,0,
node,1,325,30,31, ,324,5,319,0,0,0,0,0,0,0,0,
node,1,326,30,31, ,325,5,320,0,0,0,0,0,0,0,0,
node,1,327,30,31, ,326,5,321,0,0,0,0,0,0,0,0,
node,1,328,30,31, ,327,5,322,0,0,0,0,0,0,0,0,
node,1,329,30,31, ,328,5,323,0,0,0,0,0,0,0,0,
node,1,330,30,31, ,329,5,324,0,0,0,0,0,0,0,0,
node,1,331,30,31, ,330,5,325,0,0,0,0,0,0,0,0,
node,1,332,30,31, ,331,5,326,0,0,0,0,0,0,0,0,
node,1,333,30,31, ,332,5,327,0,0,0,0,0,0,0,0,
node,1,334,30,31, ,333,5,328,0,0,0,0,0,0,0,0,
node,1,335,30,31, ,334,5,329,0,0,0,0,0,0,0,0,
node,1,336,30,31, ,335,5,330,0,0,0,0,0,0,0,0,
node,1,337,30,31, ,336,5,331,0,0,0,0,0,0,0,0,
node,1,338,30,31, ,337,5,332,0,0,0,0,0,0,0,0,
node,1,339,30,31, ,338,5,333,0,0,0,0,0,0,0,0,
node,1,340,30,31, ,339,5,334,0,0,0,0,0,0,0,0,
node,1,341,30,31, ,340,5,335,0,0,0,0,0,0,0,0,
node,1,342,30,31, ,341,5,336,0,0,0,0,0,0,0,0,
node,1,343,30,31, ,342,5,337,0,0,0,0,0,0,0,0,
node,1,344,30,31, ,343,5,338,0,0,0,0,0,0,0,0,
node,1,345,30,31, ,344,5,339,0,0,0,0,0,0,0,0,
node,1,346,30,31, ,345,5,340,0,0,0,0,0,0,0,0,
node,1,347,30,31, ,346,5,341,0,0,0,0,0,0,0,0,
node,1,348,30,31, ,347,5,342,0,0,0,0,0,0,0,0,
node,1,349,30,31, ,348,5,343,0,0,0,0,0,0,0,0,
node,1,350,30,31, ,349,5,344,0,0,0,0,0,0,0,0,
node,1,351,30,31, ,350,5,345,0,0,0,0,0,0,0,0,
node,1,352,30,31, ,351,5,346,0,0,0,0,0,0,0,0,
node,1,353,30,31, ,352,5,347,0,0,0,0,0,0,0,0,
node,1,354,30,31, ,353,5,348,0,0,0,0,0,0,0,0,
node,1,355,30,31, ,354,5,349,0,0,0,0,0,0,0,0,
node,1,356,30,31, ,355,5,350,0,0,0,0,0,0,0,0,
node,1,357,30,31, ,356,5,351,0,0,0,0,0,0,0,0,
node,1,358,30,31, ,357,5,352,0,0,0,0,0,0,0,0,
node,1,359,30,31, ,358,5,353,0,0,0,0,0,0,0,0,
node,1,360,30,31, ,359,5,354,0,0,0,0,0,0,0,0,
node,1,361,30,31, ,360,6,354,0,0,0,0,0,0,0,0,
node,1,362,30,31, ,361,6,355,0,0,0,0,0,0,0,0,
node,1,363,30,31, ,362,6,356,0,0,0,0,0,0,0,0,
node,1,364,30,31, ,363,6,357,0,0,0,0,0,0,0,0,
node,1,365,30,31, ,364,6,358,0,0,0,0,0,0,0,0,
node,1,366,30,31, ,365,6,359,0,0,0,0,0,0,0,0,
node,1,367,30,31, ,366,6,360,0,0,0,0,0,0,0,0,
node,1,368,30,31, ,367,6,361,0,0,0,0,0,0,0,0,
node,1,369,30,31, ,368,6,362,0,0,0,0,0,0,0,0,
node,1,370,30,31, ,369,6,363,0,0,0,0,0,0,0,0,
node,1,371,30,31, ,370,6,364,0,0,0,0,0,0,0,0,
node,1,372,30,31, ,371,6,365,0,0,0,0,0,0,0,0,
node,1,373,30,31, ,372,6,366,0,0,0,0,0,0,0,0,
node,1,374,30,31, ,373,6,367,0,0,0,0,0,0,0,0,
node,1,375,30,31, ,374,6,368,0,0,0,0,0,0,0,0,
node,1,376,30,31, ,375,6,369,0,0,0,0,0,0,0,0,
node,1,377,30,31, ,376,6,370,0,0,0,0,0,0,0,0,
node,1,378,30,31, ,377,6,371,0,0,0,0,0,0,0,0,
node,1,379,30,31, ,378,6,372,0,0,0,0,0,0,0,0,
node,1,380,30,31, ,379,6,373,0,0,0,0,0,0,0,0,
node,1,381,30,31, ,380,6,374,0,0,0,0,0,0,0,0,
node,1,382,30,31, ,381,6,375,0,0,0,0,0,0,0,0,
node,1,383,30,31, ,382,6,376,0,0,0,0,0,0,0,0,
node,1,384,30,31, ,383,6,377,0,0,0,0,0,0,0,0,
node,1,385,30,31, ,384,6,378,0,0,0,0,0,0,0,0,
node,1,386,30,31, ,385,6,379,0,0,0,0,0,0,0,0,
node,1,387,30,31, ,386,6,380,0,0,0,0,0,0,0,0,
node,1,388,30,31, ,387,6,381,0,0,0,0,0,0,0,0,
node,1,389,30,31, ,388,6,382,0,0,0,0,0,0,0,0,
node,1,390,30,31, ,389,6,383,0,0,0,0,0,0,0,0,
node,1,391,30,31, ,390,6,384,0,0,0,0,0,0,0,0,
node,1,392,30,31, ,391,6,385,0,0,0,0,0,0,0,0,
node,1,393,30,31, ,392,6,386,0,0,0,0,0,0,0,0,
node,1,394,30,31, ,393,6,387,0,0,0,0,0,0,0,0,
node,1,395,30,31, ,394,6,388,0,0,0,0,0,0,0,0,
node,1,396,30,31, ,395,6,389,0,0,0,0,0,0,0,0,
node,1,397,30,31, ,396,6,390,0,0,0,0,0,0,0,0,
node,1,398,30,31, ,397,6,391,0,0,0,0,0,0,0,0,
node,1,399,30,31, ,398,6,392,0,0,0,0,0,0,0,0,
node,1,400,30,31, ,399,6,393,0,0,0,0,0,0,0,0,
node,1,401,30,31, ,400,6,394,0,0,0,0,0,0,0,0,
node,1,402,30,31, ,401,6,395,0,0,0,0,0,0,0,0,
node,1,403,30,31, ,402,6,396,0,0,0,0,0,0,0,0,
node,1,404,30,31, ,403,6,397,0,0,0,0,0,0,0,0,
node,1,405,30,31, ,404,6,398,0,0,0,0,0,0,0,0,
node,1,406,30,31, ,405,6,399,0,0,0,0,0,0,0,0,
node,1,407,30,31, ,406,6,400,0,0,0,0,0,0,0,0,
node,1,408,30,31, ,407,6,401,0,0,0,0,0,0,0,0,
node,1,409,30,31, ,408,6,402,0,0,0,0,0,0,0,0,
node,1,410,30,31, ,409,6,403,0,0,0,0,0,0,0,0,
node,1,411,30,31, ,410,6,404,0,0,0,0,0,0,0,0,
node,1,412,30,31, ,411,6,405,0,0,0,0,0,0,0,0,
node,1,413,30,31, ,412,6,406,0,0,0,0,0,0,0,0,
node,1,414,30,31, ,413,6,407,0,0,0,0,0,0,0,0,
node,1,415,30,31, ,414,6,408,0,0,0,0,0,0,0,0,
node,1,416,30,31, ,415,6,409,0,0,0,0,0,0,0,0,
node,1,417,30,31, ,416,6,410,0,0,0,0,0,0,0,0,
node,1,418,30,31, ,417,6,411,0,0,0,0,0,0,0,0,
node,1,419,30,31, ,418,6,412,0,0,0,0,0,0,0,0,
node,1,420,30,31, ,419,6,413,0,0,0,0,0,0,0,0,
node,1,421,30,31, ,420,7,413,0,0,0,60,0,0,0,0,
node,1,422,30,31, ,421,7,414,0,0,0,60,0,0,0,0,
node,1,423,30,31, ,422,7,415,0,0,0,23.432,0,0,0,0,
node,1,424,30,31, ,423,7,416,120,0,40,8.384,0,0,0,0,
node,1,425,30,31, ,424,7,417,240,0,80,5.854,0,300,0,0,
node,1,426,30,31, ,425,7,418,420,0,140,3.793,0,583.3,0,0,
node,1,427,30,31, ,426,7,419,360,0,120,3.195,0,883.3,0,0,
node,1,428,30,31, ,427,7,420,240,0,80,2.749,0,1183.3,0,0,
node,1,429,30,31, ,428,7,421,0,0,0,1.949,0,1583.3,0,0,
node,1,430,30,31, ,429,7,422,240,0,80,1.846,0,1916.7,0,0,
node,1,431,30,31, ,430,7,423,240,0,80,1.749,0,2216.7,0,0,
node,1,432,30,31, ,431,7,424,480,0,160,1.461,0,2483.3,0,0,
node,1,433,30,31, ,432,7,425,240,0,80,1.398,0,2800,0,0,
node,1,434,30,31, ,433,7,426,240,0,80,1.403,0,3116.7,0,0,
node,1,435,30,31, ,434,7,427,240,0,80,1.096,0,3450,0,0,
node,1,436,30,31, ,435,7,428,240,0,80,1.108,0,3783.3,0,0,
node,1,437,30,31, ,436,7,429,240,0,80,1.085,0,4083.3,0,0,
node,1,438,30,31, ,437,7,430,420,0,140,0.943,0,4366.7,0,0,
node,1,439,30,31, ,438,7,431,360,0,120,0.931,0,4650,0,0,
node,1,440,30,31, ,439,7,432,300,0,100,0.969,0,4950,0,0,
node,1,441,30,31, ,440,7,433,360,0,120,0.79,0,5250,0,0,
node,1,442,30,31, ,441,7,434,120,0,40,0.869,0,5616.7,0,0,
node,1,443,30,31, ,442,7,435,480,0,160,0.949,0,5850,0,0,
node,1,444,30,31, ,443,7,436,0,0,0,0.804,0,6250,0,0,
node,1,445,30,31, ,444,7,437,480,0,160,0.883,0,6516.7,0,0,
node,1,446,30,31, ,445,7,438,240,0,80,0.96,0,6816.7,0,0,
node,1,447,30,31, ,446,7,439,240,0,80,0.816,0,7150,0,0,
node,1,448,30,31, ,447,7,440,360,0,120,0.891,0,7450,0,0,
node,1,449,30,31, ,448,7,441,300,0,100,0.974,0,7733.3,0,0,
node,1,450,30,31, ,449,7,442,60,0,20,0.828,0,8116.7,0,0,
node,1,451,30,31, ,450,7,443,0,0,0,0.902,0,8516.7,0,0,
node,1,452,30,31, ,451,7,444,240,0,80,0.99,0,8816.7,0,0,
node,1,453,30,31, ,452,7,445,480,0,160,0.839,0,9083.3,0,0,
node,1,454,30,31, ,453,7,446,240,0,80,0.914,0,9416.7,0,0,
node,1,455,30,31, ,454,7,447,0,0,0,1.005,0,9783.3,0,0,
node,1,456,30,31, ,455,7,448,480,0,160,0.848,0,10000,0,0,
node,1,457,30,31, ,456,7,449,240,0,80,0.929,0,10000,0,0,
node,1,458,30,31, ,457,7,450,240,0,80,0.979,0,10000,0,0,
node,1,459,30,31, ,458,7,451,240,0,80,0.898,0,10000,0,0,
node,1,460,30,31, ,459,7,452,240,0,80,0.945,0,10000,0,0,
node,1,461,30,31, ,460,7,453,240,0,80,1.031,0,10000,0,0,
node,1,462,30,31, ,461,7,454,480,0,160,0.873,0,10000,0,0,
node,1,463,30,31, ,462,7,455,240,0,80,0.96,0,10000,0,0,
node,1,464,30,31, ,463,7,456,240,0,80,1.045,0,10000,0,0,
node,1,465,30,31, ,464,7,457,240,0,80,0.888,0,10000,0,0,
node,1,466,30,31, ,465,7,458,360,0,120,0.971,0,10000,0,0,
node,1,467,30,31, ,466,7,459,360,0,120,1.059,0,10000,0,0,
node,1,468,30,31, ,467,7,460,240,0,80,0.902,0,10000,0,0,
node,1,469,30,31, ,468,7,461,480,0,160,0.984,0,10000,0,0,
node,1,470,30,31, ,469,7,462,240,0,80,1.08,0,10000,0,0,
node,1,471,30,31, ,470,7,463,240,0,80,0.916,0,10000,0,0,
node,1,472,30,31, ,471,7,464,480,0,160,0.998,0,10000,0,0,
node,1,473,30,31, ,472,7,465,0,0,0,1.098,0,10000,0,0,
node,1,474,30,31, ,473,7,466,420,0,140,0.926,0,10000,0,0,
node,1,475,30,31, ,474,7,467,300,0,100,1.016,0,10000,0,0,
node,1,476,30,31, ,475,7,468,480,0,160,1.071,0,10000,0,0,
node,1,477,30,31, ,476,7,469,240,0,80,0.983,0,10000,0,0,
node,1,478,30,31, ,477,7,470,240,0,80,1.034,0,10000,0,0,
node,1,479,30,31, ,478,7,471,480,0,160,1.129,0,10000,0,0,
node,1,480,30,31, ,479,7,472,0,0,0,0.957,0,10000,0,0,
node,1,481,30,31, ,480,8,472,420,0,140,1.053,0,10000,0,0,
node,1,482,30,31, ,481,8,473,300,0,100,1.052,0,10000,0,0,
node,1,483,30,31, ,482,8,474,360,0,120,60,0,10000,0,0,
node,1,484,30,31, ,483,8,475,120,0,40,60,0,10000,0,0,
node,1,485,30,31, ,484,8,476,360,0,120,60,0,10000,0,0,
node,1,486,30,31, ,485,8,477,240,0,80,60,0,10000,0,0,
node,1,487,30,31, ,486,8,478,480,0,160,60,0,10000,0,0,
node,1,488,30,31, ,487,8,479,120,0,40,60,0,10000,0,0,
node,1,489,30,31, ,488,8,480,480,0,160,60,0,10000,0,0,
node,1,490,30,31, ,489,8,481,0,0,0,60,0,10000,0,0,
node,1,491,30,31, ,490,8,482,480,0,160,60,0,10000,0,0,
node,1,492,30,31, ,491,8,483,240,0,80,60,0,10000,0,0,
node,1,493,30,31, ,492,8,484,240,0,80,60,0,10000,0,0,
node,1,494,30,31, ,493,8,485,420,0,140,60,0,10000,0,0,
node,1,495,30,31, ,494,8,486,300,0,100,60,0,10000,0,0,
node,1,496,30,31, ,495,8,487,360,0,120,60,0,10000,0,0,
node,1,497,30,31, ,496,8,488,120,0,40,60,0,10000,0,0,
node,1,498,30,31, ,497,8,489,480,0,160,60,0,10000,0,0,
node,1,499,30,31, ,498,8,490,480,0,160,60,0,10000,0,0,
node,1,500,30,31, ,499,8,491,120,0,40,60,0,10000,0,0,
node,1,501,30,31, ,500,8,492,300,0,100,60,0,10000,0,0,
node,1,502,30,31, ,501,8,493,300,0,100,60,0,10000,0,0,
node,1,503,30,31, ,502,8,494,480,0,160,60,0,10000,0,0,
node,1,504,30,31, ,503,8,495,240,0,80,60,0,10000,0,0,
node,1,505,30,31, ,504,8,496,480,0,160,60,0,10000,0,0,
node,1,506,30,31, ,505,8,497,240,0,80,60,0,10000,0,0,
node,1,507,30,31, ,506,8,498,480,0,160,60,0,10000,0,0,
node,1,508,30,31, ,507,8,499,240,0,80,60,0,10000,0,0,
node,1,509,30,31, ,508,8,500,180,0,60,60,0,10000,0,0,
node,1,510,30,31, ,509,8,501,360,0,120,60,0,10000,0,0,
node,1,511,30,31, ,510,8,502,300,0,100,60,0,10000,0,0,
node,1,512,30,31, ,511,8,503,2400,0,800,60,0,10000,0,0,
node,1,513,30,31, ,512,8,504,2280,0,760,60,0,10000,0,0,
node,1,514,30,31, ,513,8,505,2220,0,740,60,0,10000,0,0,
node,1,515,30,31, ,514,8,506,2280,0,760,60,0,10000,0,0,
node,1,516,30,31, ,515,8,507,2340,0,780,60,0,10000,0,0,
node,1,517,30,31, ,516,8,508,2280,0,760,60,0,10000,0,0,
node,1,518,30,31, ,517,8,509,2220,0,740,60,0,10000,0,0,
node,1,519,30,31, ,518,8,510,0,0,0,60,0,10000,0,0,
node,1,520,30,31, ,519,8,511,2280,0,760,60,0,10000,0,0,
node,1,521,30,31, ,520,8,512,2280,0,760,60,0,10000,0,0,
node,1,522,30,31, ,521,8,513,2220,0,740,60,0,9950,0,0,
node,1,523,30,31, ,522,8,514,2280,0,760,60,0,9316.7,0,0,
node,1,524,30,31, ,523,8,515,2340,0,780,60,0,8666.7,0,0,
node,1,525,30,31, ,524,8,516,2340,0,780,60,0,8016.7,0,0,
node,1,526,30,31, ,525,8,517,2280,0,760,60,0,7383.3,0,0,
node,1,527,30,31, ,526,8,518,0,0,0,60,0,7383.3,0,0,
node,1,528,30,31, ,527,8,519,2280,0,760,60,0,6750,0,0,
node,1,529,30,31, ,528,8,520,2220,0,740,60,0,6133.3,0,0,
node,1,530,30,31, ,529,8,521,2340,0,780,60,0,5483.3,0,0,
node,1,531,30,31, ,530,8,522,2280,0,760,60,0,4850,0,0,
node,1,532,30,31, ,531,8,523,2340,0,780,60,0,4200,0,0,
node,1,533,30,31, ,532,8,524,2340,0,780,60,0,3550,0,0,
node,1,534,30,31, ,533,8,525,2280,0,760,60,0,2916.7,0,0,
node,1,535,30,31, ,534,8,526,0,0,0,60,0,2916.7,0,0,
node,1,536,30,31, ,535,8,527,2220,0,740,60,0,2300,0,0,
node,1,537,30,31, ,536,8,528,2280,0,760,60,0,1666.7,0,0,
node,1,538,30,31, ,537,8,529,2340,0,780,60,0,1016.7,0,0,
node,1,539,30,31, ,538,8,530,2340,0,780,60,0,366.7,0,0,
node,1,540,30,31, ,539,8,531,1320,0,440,60,0,0,0,0,
node,1,541,30,31, ,540,9,531,0,0,0,60,0,0,0,0,
node,1,542,30,31, ,541,9,532,0,0,0,60,0,0,0,0,
node,1,543,30,31, ,542,9,533,0,0,0,60,0,0,0,0,
node,1,544,30,31, ,543,9,534,0,0,0,60,0,0,0,0,
node,1,545,30,31, ,544,9,535,0,0,0,60,0,0,0,0,
node,1,546,30,31, ,545,9,536,0,0,0,60,0,0,0,0,
node,1,547,30,31, ,546,9,537,0,0,0,60,0,0,0,0,
node,1,548,30,31, ,547,9,538,0,0,0,60,0,0,0,0,
node,1,549,30,31, ,548,9,539,0,0,0,60,0,0,0,0,
node,1,550,30,31, ,549,9,540,0,0,0,60,0,0,0,0,
node,1,551,30,31, ,550,9,541,0,0,0,60,0,0,0,0,
node,1,552,30,31, ,551,9,542,0,0,0,60,0,0,0,0,
node,1,553,30,31, ,552,9,543,0,0,0,60,0,0,0,0,
node,1,554,30,31, ,553,9,544,0,0,0,60,0,0,0,0,
node,1,555,30,31, ,554,9,545,0,0,0,60,0,0,0,0,
node,1,556,30,31, ,555,9,546,0,0,0,60,0,0,0,0,
node,1,557,30,31, ,556,9,547,0,0,0,60,0,0,0,0,
node,1,558,30,31, ,557,9,548,0,0,0,60,0,0,0,0,
node,1,559,30,31, ,558,9,549,0,0,0,60,0,0,0,0,
node,1,560,30,31, ,559,9,550,0,0,0,60,0,0,0,0,
node,1,561,30,31, ,560,9,551,0,0,0,60,0,0,0,0,
node,1,562,30,31, ,561,9,552,0,0,0,60,0,0,0,0,
node,1,563,30,31, ,562,9,553,0,0,0,60,0,0,0,0,
node,1,564,30,31, ,563,9,554,0,0,0,60,0,0,0,0,
node,1,565,30,31, ,564,9,555,0,0,0,60,0,0,0,0,
node,1,566,30,31, ,565,9,556,0,0,0,60,0,0,0,0,
node,1,567,30,31, ,566,9,557,0,0,0,60,0,0,0,0,
node,1,568,30,31, ,567,9,558,0,0,0,60,0,0,0,0,
node,1,569,30,31, ,568,9,559,0,0,0,60,0,0,0,0,
node,1,570,30,31, ,569,9,560,0,0,0,60,0,0,0,0,
node,1,571,30,31, ,570,9,561,0,0,0,60,0,0,0,0,
node,1,572,30,31, ,571,9,562,0,0,0,60,0,0,0,0,
node,1,573,30,31, ,572,9,563,0,0,0,60,0,0,0,0,
node,1,574,30,31, ,573,9,564,0,0,0,60,0,0,0,0,
node,1,575,30,31, ,574,9,565,0,0,0,60,0,0,0,0,
node,1,576,30,31, ,575,9,566,0,0,0,60,0,0,0,0,
node,1,577,30,31, ,576,9,567,0,0,0,60,0,0,0,0,
node,1,578,30,31, ,577,9,568,0,0,0,60,0,0,0,0,
node,1,579,30,31, ,578,9,569,0,0,0,60,0,0,0,0,
node,1,580,30,31, ,579,9,570,0,0,0,60,0,0,0,0,
node,1,581,30,31, ,580,9,571,0,0,0,60,0,0,0,0,
node,1,582,30,31, ,581,9,572,0,0,0,60,0,0,0,0,
node,1,583,30,31, ,582,9,573,0,0,0,60,0,0,0,0,
node,1,584,30,31, ,583,9,574,0,0,0,60,0,0,0,0,
node,1,585,30,31, ,584,9,575,0,0,0,60,0,0,0,0,
node,1,586,30,31, ,585,9,576,0,0,0,60,0,0,0,0,
node,1,587,30,31, ,586,9,577,0,0,0,60,0,0,0,0,
node,1,588,30,31, ,587,9,578,0,0,0,60,0,0,0,0,
node,1,589,30,31, ,588,9,579,0,0,0,60,0,0,0,0,
node,1,590,30,31, ,589,9,580,0,0,0,60,0,0,0,0,
node,1,591,30,31, ,590,9,581,0,0,0,60,0,0,0,0,
node,1,592,30,31, ,591,9,582,0,0,0,60,0,0,0,0,
node,1,593,30,31, ,592,9,583,0,0,0,60,0,0,0,0,
node,1,594,30,31, ,593,9,584,0,0,0,60,0,0,0,0,
node,1,595,30,31, ,594,9,585,0,0,0,60,0,0,0,0,
node,1,596,30,31, ,595,9,586,0,0,0,60,0,0,0,0,
node,1,597,30,31, ,596,9,587,0,0,0,60,0,0,0,0,
node,1,598,30,31, ,597,9,588,0,0,0,60,0,0,0,0,
node,1,599,30,31, ,598,9,589,0,0,0,60,0,0,0,0,
node,1,600,30,31, ,599,9,590,0,0,0,60,0,0,0,0,
node,1,601,30,31, ,600,10,590,0,0,0,0,0,0,0,0,
node,1,602,30,31, ,601,10,591,0,0,0,0,0,0,0,0,
node,1,603,30,31, ,602,10,592,0,0,0,0,0,0,0,0,
node,1,604,30,31, ,603,10,593,0,0,0,0,0,0,0,0,
node,1,605,30,31, ,604,10,594,0,0,0,0,0,0,0,0,
node,1,606,30,31, ,605,10,595,0,0,0,0,0,0,0,0,
node,1,607,30,31, ,606,10,596,0,0,0,0,0,0,0,0,
node,1,608,30,31, ,607,10,597,0,0,0,0,0,0,0,0,
node,1,609,30,31, ,608,10,598,0,0,0,0,0,0,0,0,
node,1,610,30,31, ,609,10,599,0,0,0,0,0,0,0,0,
node,1,611,30,31, ,610,10,600,0,0,0,0,0,0,0,0,
node,1,612,30,31, ,611,10,601,0,0,0,0,0,0,0,0,
node,1,613,30,31, ,612,10,602,0,0,0,0,0,0,0,0,
node,1,614,30,31, ,613,10,603,0,0,0,0,0,0,0,0,
node,1,615,30,31, ,614,10,604,0,0,0,0,0,0,0,0,
node,1,616,30,31, ,615,10,605,0,0,0,0,0,0,0,0,
node,1,617,30,31, ,616,10,606,0,0,0,0,0,0,0,0,
node,1,618,30,31, ,617,10,607,0,0,0,0,0,0,0,0,
node,1,619,30,31, ,618,10,608,0,0,0,0,0,0,0,0,
node,1,620,30,31, ,619,10,609,0,0,0,0,0,0,0,0,
node,1,621,30,31, ,620,10,610,0,0,0,0,0,0,0,0,
node,1,622,30,31, ,621,10,611,0,0,0,0,0,0,0,0,
node,1,623,30,31, ,622,10,612,0,0,0,0,0,0,0,0,
node,1,624,30,31, ,623,10,613,0,0,0,0,0,0,0,0,
node,1,625,30,31, ,624,10,614,0,0,0,0,0,0,0,0,
node,1,626,30,31, ,625,10,615,0,0,0,0,0,0,0,0,
node,1,627,30,31, ,626,10,616,0,0,0,0,0,0,0,0,
node,1,628,30,31, ,627,10,617,0,0,0,0,0,0,0,0,
node,1,629,30,31, ,628,10,618,0,0,0,0,0,0,0,0,
node,1,630,30,31, ,629,10,619,0,0,0,0,0,0,0,0,
node,1,631,30,31, ,630,10,620,0,0,0,0,0,0,0,0,
node,1,632,30,31, ,631,10,621,0,0,0,0,0,0,0,0,
node,1,633,30,31, ,632,10,622,0,0,0,0,0,0,0,0,
node,1,634,30,31, ,633,10,623,0,0,0,0,0,0,0,0,
node,1,635,30,31, ,634,10,624,0,0,0,0,0,0,0,0,
node,1,636,30,31, ,635,10,625,0,0,0,0,0,0,0,0,
node,1,637,30,31, ,636,10,626,0,0,0,0,0,0,0,0,
node,1,638,30,31, ,637,10,627,0,0,0,0,0,0,0,0,
node,1,639,30,31, ,638,10,628,0,0,0,0,0,0,0,0,
node,1,640,30,31, ,639,10,629,0,0,0,0,0,0,0,0,
node,1,641,30,31, ,640,10,630,0,0,0,0,0,0,0,0,
node,1,642,30,31, ,641,10,631,0,0,0,0,0,0,0,0,
node,1,643,30,31, ,642,10,632,0,0,0,0,0,0,0,0,
node,1,644,30,31, ,643,10,633,0,0,0,0,0,0,0,0,
node,1,645,30,31, ,644,10,634,0,0,0,0,0,0,0,0,
node,1,646,30,31, ,645,10,635,0,0,0,0,0,0,0,0,
node,1,647,30,31, ,646,10,636,0,0,0,0,0,0,0,0,
node,1,648,30,31, ,647,10,637,0,0,0,0,0,0,0,0,
node,1,649,30,31, ,648,10,638,0,0,0,0,0,0,0,0,
node,1,650,30,31, ,649,10,639,0,0,0,0,0,0,0,0,
node,1,651,30,31, ,650,10,640,0,0,0,0,0,0,0,0,
node,1,652,30,31, ,651,10,641,0,0,0,0,0,0,0,0,
node,1,653,30,31, ,652,10,642,0,0,0,0,0,0,0,0,
node,1,654,30,31, ,653,10,643,0,0,0,0,0,0,0,0,
node,1,655,30,31, ,654,10,644,0,0,0,0,0,0,0,0,
node,1,656,30,31, ,655,10,645,0,0,0,0,0,0,0,0,
node,1,657,30,31, ,656,10,646,0,0,0,0,0,0,0,0,
node,1,658,30,31, ,657,10,647,0,0,0,0,0,0,0,0,
node,1,659,30,31, ,658,10,648,0,0,0,0,0,0,0,0,
node,1,660,30,31, ,659,10,649,0,0,0,0,0,0,0,0,
node,1,661,30,31, ,660,11,649,0,0,0,0,0,0,0,0,
node,1,662,30,31, ,661,11,650,0,0,0,0,0,0,0,0,
node,1,663,30,31, ,662,11,651,0,0,0,0,0,0,0,0,
node,1,664,30,31, ,663,11,652,0,0,0,0,0,0,0,0,
node,1,665,30,31, ,664,11,653,0,0,0,0,0,0,0,0,
node,1,666,30,31, ,665,11,654,0,0,0,0,0,0,0,0,
node,1,667,30,31, ,666,11,655,0,0,0,0,0,0,0,0,
node,1,668,30,31, ,667,11,656,0,0,0,0,0,0,0,0,
node,1,669,30,31, ,668,11,657,0,0,0,0,0,0,0,0,
node,1,670,30,31, ,669,11,658,0,0,0,0,0,0,0,0,
node,1,671,30,31, ,670,11,659,0,0,0,0,0,0,0,0,
node,1,672,30,31, ,671,11,660,0,0,0,0,0,0,0,0,
node,1,673,30,31, ,672,11,661,0,0,0,0,0,0,0,0,
node,1,674,30,31, ,673,11,662,0,0,0,0,0,0,0,0,
node,1,675,30,31, ,674,11,663,0,0,0,0,0,0,0,0,
node,1,676,30,31, ,675,11,664,0,0,0,0,0,0,0,0,
node,1,677,30,31, ,676,11,665,0,0,0,0,0,0,0,0,
node,1,678,30,31, ,677,11,666,0,0,0,0,0,0,0,0,
node,1,679,30,31, ,678,11,667,0,0,0,0,0,0,0,0,
node,1,680,30,31, ,679,11,668,0,0,0,0,0,0,0,0,
node,1,681,30,31, ,680,11,669,0,0,0,0,0,0,0,0,
node,1,682,30,31, ,681,11,670,0,0,0,0,0,0,0,0,
node,1,683,30,31, ,682,11,671,0,0,0,0,0,0,0,0,
node,1,684,30,31, ,683,11,672,0,0,0,0,0,0,0,0,
node,1,685,30,31, ,684,11,673,0,0,0,0,0,0,0,0,
node,1,686,30,31, ,685,11,674,0,0,0,0,0,0,0,0,
node,1,687,30,31, ,686,11,675,0,0,0,0,0,0,0,0,
node,1,688,30,31, ,687,11,676,0,0,0,0,0,0,0,0,
node,1,689,30,31, ,688,11,677,0,0,0,0,0,0,0,0,
node,1,690,30,31, ,689,11,678,0,0,0,0,0,0,0,0,
node,1,691,30,31, ,690,11,679,0,0,0,0,0,0,0,0,
node,1,692,30,31, ,691,11,680,0,0,0,0,0,0,0,0,
node,1,693,30,31, ,692,11,681,0,0,0,0,0,0,0,0,
node,1,694,30,31, ,693,11,682,0,0,0,0,0,0,0,0,
node,1,695,30,31, ,694,11,683,0,0,0,0,0,0,0,0,
node,1,696,30,31, ,695,11,684,0,0,0,0,0,0,0,0,
node,1,697,30,31, ,696,11,685,0,0,0,0,0,0,0,0,
node,1,698,30,31, ,697,11,686,0,0,0,0,0,0,0,0,
node,1,699,30,31, ,698,11,687,0,0,0,0,0,0,0,0,
node,1,700,30,31, ,699,11,688,0,0,0,0,0,0,0,0,
node,1,701,30,31, ,700,11,689,0,0,0,0,0,0,0,0,
node,1,702,30,31, ,701,11,690,0,0,0,0,0,0,0,0,
node,1,703,30,31, ,702,11,691,0,0,0,0,0,0,0,0,
node,1,704,30,31, ,703,11,692,0,0,0,0,0,0,0,0,
node,1,705,30,31, ,704,11,693,0,0,0,0,0,0,0,0,
node,1,706,30,31, ,705,11,694,0,0,0,0,0,0,0,0,
node,1,707,30,31, ,706,11,695,0,0,0,0,0,0,0,0,
node,1,708,30,31, ,707,11,696,0,0,0,0,0,0,0,0,
node,1,709,30,31, ,708,11,697,0,0,0,0,0,0,0,0,
node,1,710,30,31, ,709,11,698,0,0,0,0,0,0,0,0,
node,1,711,30,31, ,710,11,699,0,0,0,0,0,0,0,0,
node,1,712,30,31, ,711,11,700,0,0,0,0,0,0,0,0,
node,1,713,30,31, ,712,11,701,0,0,0,0,0,0,0,0,
node,1,714,30,31, ,713,11,702,0,0,0,0,0,0,0,0,
node,1,715,30,31, ,714,11,703,0,0,0,0,0,0,0,0,
node,1,716,30,31, ,715,11,704,0,0,0,0,0,0,0,0,
node,1,717,30,31, ,716,11,705,0,0,0,0,0,0,0,0,
node,1,718,30,31, ,717,11,706,0,0,0,0,0,0,0,0,
node,1,719,30,31, ,718,11,707,0,0,0,0,0,0,0,0,
node,1,720,30,31, ,719,11,708,0,0,0,0,0,0,0,0,
node,1,721,30,31, ,720,12,708,0,0,0,0,0,0,0,0,
node,1,722,30,31, ,721,12,709,0,0,0,0,0,0,0,0,
node,1,723,30,31, ,722,12,710,0,0,0,0,0,0,0,0,
node,1,724,30,31, ,723,12,711,0,0,0,0,0,0,0,0,
node,1,725,30,31, ,724,12,712,0,0,0,0,0,0,0,0,
node,1,726,30,31, ,725,12,713,0,0,0,0,0,0,0,0,
node,1,727,30,31, ,726,12,714,0,0,0,0,0,0,0,0,
node,1,728,30,31, ,727,12,715,0,0,0,0,0,0,0,0,
node,1,729,30,31, ,728,12,716,0,0,0,0,0,0,0,0,
node,1,730,30,31, ,729,12,717,0,0,0,0,0,0,0,0,
node,1,731,30,31, ,730,12,718,0,0,0,0,0,0,0,0,
node,1,732,30,31, ,731,12,719,0,0,0,0,0,0,0,0,
node,1,733,30,31, ,732,12,720,0,0,0,0,0,0,0,0,
node,1,734,30,31, ,733,12,721,0,0,0,0,0,0,0,0,
node,1,735,30,31, ,734,12,722,0,0,0,0,0,0,0,0,
node,1,736,30,31, ,735,12,723,0,0,0,0,0,0,0,0,
node,1,737,30,31, ,736,12,724,0,0,0,0,0,0,0,0,
node,1,738,30,31, ,737,12,725,0,0,0,0,0,0,0,0,
node,1,739,30,31, ,738,12,726,0,0,0,0,0,0,0,0,
node,1,740,30,31, ,739,12,727,0,0,0,0,0,0,0,0,
node,1,741,30,31, ,740,12,728,0,0,0,0,0,0,0,0,
node,1,742,30,31, ,741,12,729,0,0,0,0,0,0,0,0,
node,1,743,30,31, ,742,12,730,0,0,0,0,0,0,0,0,
node,1,744,30,31, ,743,12,731,0,0,0,0,0,0,0,0,
node,1,745,30,31, ,744,12,732,0,0,0,0,0,0,0,0,
node,1,746,30,31, ,745,12,733,0,0,0,0,0,0,0,0,
node,1,747,30,31, ,746,12,734,0,0,0,0,0,0,0,0,
node,1,748,30,31, ,747,12,735,0,0,0,0,0,0,0,0,
node,1,749,30,31, ,748,12,736,0,0,0,0,0,0,0,0,
node,1,750,30,31, ,749,12,737,0,0,0,0,0,0,0,0,
node,1,751,30,31, ,750,12,738,0,0,0,0,0,0,0,0,
node,1,752,30,31, ,751,12,739,0,0,0,0,0,0,0,0,
node,1,753,30,31, ,752,12,740,0,0,0,0,0,0,0,0,
node,1,754,30,31, ,753,12,741,0,0,0,0,0,0,0,0,
node,1,755,30,31, ,754,12,742,0,0,0,0,0,0,0,0,
node,1,756,30,31, ,755,12,743,0,0,0,0,0,0,0,0,
node,1,757,30,31, ,756,12,744,0,0,0,0,0,0,0,0,
node,1,758,30,31, ,757,12,745,0,0,0,0,0,0,0,0,
node,1,759,30,31, ,758,12,746,0,0,0,0,0,0,0,0,
node,1,760,30,31, ,759,12,747,0,0,0,0,0,0,0,0,
node,1,761,30,31, ,760,12,748,0,0,0,0,0,0,0,0,
node,1,762,30,31, ,761,12,749,0,0,0,0,0,0,0,0,
node,1,763,30,31, ,762,12,750,0,0,0,0,0,0,0,0,
node,1,764,30,31, ,763,12,751,0,0,0,0,0,0,0,0,
node,1,765,30,31, ,764,12,752,0,0,0,0,0,0,0,0,
node,1,766,30,31, ,765,12,753,0,0,0,0,0,0,0,0,
node,1,767,30,31, ,766,12,754,0,0,0,0,0,0,0,0,
node,1,768,30,31, ,767,12,755,0,0,0,0,0,0,0,0,
node,1,769,30,31, ,768,12,756,0,0,0,0,0,0,0,0,
node,1,770,30,31, ,769,12,757,0,0,0,0,0,0,0,0,
node,1,771,30,31, ,770,12,758,0,0,0,0,0,0,0,0,
node,1,772,30,31, ,771,12,759,0,0,0,0,0,0,0,0,
node,1,773,30,31, ,772,12,760,0,0,0,0,0,0,0,0,
node,1,774,30,31, ,773,12,761,0,0,0,0,0,0,0,0,
node,1,775,30,31, ,774,12,762,0,0,0,0,0,0,0,0,
node,1,776,30,31, ,775,12,763,0,0,0,0,0,0,0,0,
node,1,777,30,31, ,776,12,764,0,0,0,0,0,0,0,0,
node,1,778,30,31, ,777,12,765,0,0,0,0,0,0,0,0,
node,1,779,30,31, ,778,12,766,0,0,0,0,0,0,0,0,
node,1,780,30,31, ,779,12,767,0,0,0,0,0,0,0,0,
node,1,781,30,31, ,780,13,767,0,0,0,0,0,0,0,0,
node,1,782,30,31, ,781,13,768,0,0,0,0,0,0,0,0,
node,1,783,30,31, ,782,13,769,0,0,0,0,0,0,0,0,
node,1,784,30,31, ,783,13,770,0,0,0,0,0,0,0,0,
node,1,785,30,31, ,784,13,771,0,0,0,0,0,0,0,0,
node,1,786,30,31, ,785,13,772,0,0,0,0,0,0,0,0,
node,1,787,30,31, ,786,13,773,0,0,0,0,0,0,0,0,
node,1,788,30,31, ,787,13,774,0,0,0,0,0,0,0,0,
node,1,789,30,31, ,788,13,775,0,0,0,0,0,0,0,0,
node,1,790,30,31, ,789,13,776,0,0,0,0,0,0,0,0,
node,1,791,30,31, ,790,13,777,0,0,0,0,0,0,0,0,
node,1,792,30,31, ,791,13,778,0,0,0,0,0,0,0,0,
node,1,793,30,31, ,792,13,779,0,0,0,0,0,0,0,0,
node,1,794,30,31, ,793,13,780,0,0,0,0,0,0,0,0,
node,1,795,30,31, ,794,13,781,0,0,0,0,0,0,0,0,
node,1,796,30,31, ,795,13,782,0,0,0,0,0,0,0,0,
node,1,797,30,31, ,796,13,783,0,0,0,0,0,0,0,0,
node,1,798,30,31, ,797,13,784,0,0,0,0,0,0,0,0,
node,1,799,30,31, ,798,13,785,0,0,0,0,0,0,0,0,
node,1,800,30,31, ,799,13,786,0,0,0,0,0,0,0,0,
node,1,801,30,31, ,800,13,787,0,0,0,0,0,0,0,0,
node,1,802,30,31, ,801,13,788,0,0,0,0,0,0,0,0,
node,1,803,30,31, ,802,13,789,0,0,0,0,0,0,0,0,
node,1,804,30,31, ,803,13,790,0,0,0,0,0,0,0,0,
node,1,805,30,31, ,804,13,791,0,0,0,0,0,0,0,0,
node,1,806,30,31, ,805,13,792,0,0,0,0,0,0,0,0,
node,1,807,30,31, ,806,13,793,0,0,0,0,0,0,0,0,
node,1,808,30,31, ,807,13,794,0,0,0,0,0,0,0,0,
node,1,809,30,31, ,808,13,795,0,0,0,0,0,0,0,0,
node,1,810,30,31, ,809,13,796,0,0,0,0,0,0,0,0,
node,1,811,30,31, ,810,13,797,0,0,0,0,0,0,0,0,
node,1,812,30,31, ,811,13,798,0,0,0,0,0,0,0,0,
node,1,813,30,31, ,812,13,799,0,0,0,0,0,0,0,0,
node,1,814,30,31, ,813,13,800,0,0,0,0,0,0,0,0,
node,1,815,30,31, ,814,13,801,0,0,0,0,0,0,0,0,
node,1,816,30,31, ,815,13,802,0,0,0,0,0,0,0,0,
node,1,817,30,31, ,816,13,803,0,0,0,0,0,0,0,0,
node,1,818,30,31, ,817,13,804,0,0,0,0,0,0,0,0,
node,1,819,30,31, ,818,13,805,0,0,0,0,0,0,0,0,
node,1,820,30,31, ,819,13,806,0,0,0,0,0,0,0,0,
node,1,821,30,31, ,820,13,807,0,0,0,0,0,0,0,0,
node,1,822,30,31, ,821,13,808,0,0,0,0,0,0,0,0,
node,1,823,30,31, ,822,13,809,0,0,0,0,0,0,0,0,
node,1,824,30,31, ,823,13,810,0,0,0,0,0,0,0,0,
node,1,825,30,31, ,824,13,811,0,0,0,0,0,0,0,0,
node,1,826,30,31, ,825,13,812,0,0,0,0,0,0,0,0,
node,1,827,30,31, ,826,13,813,0,0,0,0,0,0,0,0,
node,1,828,30,31, ,827,13,814,0,0,0,0,0,0,0,0,
node,1,829,30,31, ,828,13,815,0,0,0,0,0,0,0,0,
node,1,830,30,31, ,829,13,816,0,0,0,0,0,0,0,0,
node,1,831,30,31, ,830,13,817,0,0,0,0,0,0,0,0,
node,1,832,30,31, ,831,13,818,0,0,0,0,0,0,0,0,
node,1,833,30,31, ,832,13,819,0,0,0,0,0,0,0,0,
node,1,834,30,31, ,833,13,820,0,0,0,0,0,0,0,0,
node,1,835,30,31, ,834,13,821,0,0,0,0,0,0,0,0,
node,1,836,30,31, ,835,13,822,0,0,0,0,0,0,0,0,
node,1,837,30,31, ,836,13,823,0,0,0,0,0,0,0,0,
node,1,838,30,31, ,837,13,824,0,0,0,0,0,0,0,0,
node,1,839,30,31, ,838,13,825,0,0,0,0,0,0,0,0,
node,1,840,30,31, ,839,13,826,0,0,0,0,0,0,0,0,
node,1,841,30,31, ,840,14,826,0,0,0,0,0,0,0,0,
node,1,842,30,31, ,841,14,827,0,0,0,0,0,0,0,0,
node,1,843,30,31, ,842,14,828,0,0,0,0,0,0,0,0,
node,1,844,30,31, ,843,14,829,0,0,0,0,0,0,0,0,
node,1,845,30,31, ,844,14,830,0,0,0,0,0,0,0,0,
node,1,846,30,31, ,845,14,831,0,0,0,0,0,0,0,0,
node,1,847,30,31, ,846,14,832,0,0,0,0,0,0,0,0,
node,1,848,30,31, ,847,14,833,0,0,0,0,0,0,0,0,
node,1,849,30,31, ,848,14,834,0,0,0,0,0,0,0,0,
node,1,850,30,31, ,849,14,835,0,0,0,0,0,0,0,0,
node,1,851,30,31, ,850,14,836,0,0,0,0,0,0,0,0,
node,1,852,30,31, ,851,14,837,0,0,0,0,0,0,0,0,
node,1,853,30,31, ,852,14,838,0,0,0,0,0,0,0,0,
node,1,854,30,31, ,853,14,839,0,0,0,0,0,0,0,0,
node,1,855,30,31, ,854,14,840,0,0,0,0,0,0,0,0,
node,1,856,30,31, ,855,14,841,0,0,0,0,0,0,0,0,
node,1,857,30,31, ,856,14,842,0,0,0,0,0,0,0,0,
node,1,858,30,31, ,857,14,843,0,0,0,0,0,0,0,0,
node,1,859,30,31, ,858,14,844,0,0,0,0,0,0,0,0,
node,1,860,30,31, ,859,14,845,0,0,0,0,0,0,0,0,
node,1,861,30,31, ,860,14,846,0,0,0,0,0,0,0,0,
node,1,862,30,31, ,861,14,847,0,0,0,0,0,0,0,0,
node,1,863,30,31, ,862,14,848,0,0,0,0,0,0,0,0,
node,1,864,30,31, ,863,14,849,0,0,0,0,0,0,0,0,
node,1,865,30,31, ,864,14,850,0,0,0,0,0,0,0,0,
node,1,866,30,31, ,865,14,851,0,0,0,0,0,0,0,0,
node,1,867,30,31, ,866,14,852,0,0,0,0,0,0,0,0,
node,1,868,30,31, ,867,14,853,0,0,0,0,0,0,0,0,
node,1,869,30,31, ,868,14,854,0,0,0,0,0,0,0,0,
node,1,870,30,31, ,869,14,855,0,0,0,0,0,0,0,0,
node,1,871,30,31, ,870,14,856,0,0,0,0,0,0,0,0,
node,1,872,30,31, ,871,14,857,0,0,0,0,0,0,0,0,
node,1,873,30,31, ,872,14,858,0,0,0,0,0,0,0,0,
node,1,874,30,31, ,873,14,859,0,0,0,0,0,0,0,0,
node,1,875,30,31, ,874,14,860,0,0,0,0,0,0,0,0,
node,1,876,30,31, ,875,14,861,0,0,0,0,0,0,0,0,
node,1,877,30,31, ,876,14,862,0,0,0,0,0,0,0,0,
node,1,878,30,31, ,877,14,863,0,0,0,0,0,0,0,0,
node,1,879,30,31, ,878,14,864,0,0,0,0,0,0,0,0,
node,1,880,30,31, ,879,14,865,0,0,0,0,0,0,0,0,
node,1,881,30,31, ,880,14,866,0,0,0,0,0,0,0,0,
node,1,882,30,31, ,881,14,867,0,0,0,0,0,0,0,0,
node,1,883,30,31, ,882,14,868,0,0,0,0,0,0,0,0,
node,1,884,30,31, ,883,14,869,0,0,0,0,0,0,0,0,
node,1,885,30,31, ,884,14,870,0,0,0,0,0,0,0,0,
node,1,886,30,31, ,885,14,871,0,0,0,0,0,0,0,0,
node,1,887,30,31, ,886,14,872,0,0,0,0,0,0,0,0,
node,1,888,30,31, ,887,14,873,0,0,0,0,0,0,0,0,
node,1,889,30,31, ,888,14,874,0,0,0,0,0,0,0,0,
node,1,890,30,31, ,889,14,875,0,0,0,0,0,0,0,0,
node,1,891,30,31, ,890,14,876,0,0,0,0,0,0,0,0,
node,1,892,30,31, ,891,14,877,0,0,0,0,0,0,0,0,
node,1,893,30,31, ,892,14,878,0,0,0,0,0,0,0,0,
node,1,894,30,31, ,893,14,879,0,0,0,0,0,0,0,0,
node,1,895,30,31, ,894,14,880,0,0,0,0,0,0,0,0,
node,1,896,30,31, ,895,14,881,0,0,0,0,0,0,0,0,
node,1,897,30,31, ,896,14,882,0,0,0,0,0,0,0,0,
node,1,898,30,31, ,897,14,883,0,0,0,0,0,0,0,0,
node,1,899,30,31, ,898,14,884,0,0,0,0,0,0,0,0,
node,1,900,30,31, ,899,14,885,0,0,0,0,0,0,0,0,
node,1,901,30,31, ,900,15,885,0,0,0,0,0,0,0,0,
node,1,902,30,31, ,901,15,886,0,0,0,0,0,0,0,0,
node,1,903,30,31, ,902,15,887,0,0,0,0,0,0,0,0,
node,1,904,30,31, ,903,15,888,0,0,0,0,0,0,0,0,
node,1,905,30,31, ,904,15,889,0,0,0,0,0,0,0,0,
node,1,906,30,31, ,905,15,890,0,0,0,0,0,0,0,0,
node,1,907,30,31, ,906,15,891,0,0,0,0,0,0,0,0,
node,1,908,30,31, ,907,15,892,0,0,0,0,0,0,0,0,
node,1,909,30,31, ,908,15,893,0,0,0,0,0,0,0,0,
node,1,910,30,31, ,909,15,894,0,0,0,0,0,0,0,0,
node,1,911,30,31, ,910,15,895,0,0,0,0,0,0,0,0,
node,1,912,30,31, ,911,15,896,0,0,0,0,0,0,0,0,
node,1,913,30,31, ,912,15,897,0,0,0,0,0,0,0,0,
node,1,914,30,31, ,913,15,898,0,0,0,0,0,0,0,0,
node,1,915,30,31, ,914,15,899,0,0,0,0,0,0,0,0,
node,1,916,30,31, ,915,15,900,0,0,0,0,0,0,0,0,
node,1,917,30,31, ,916,15,901,0,0,0,0,0,0,0,0,
node,1,918,30,31, ,917,15,902,0,0,0,0,0,0,0,0,
node,1,919,30,31, ,918,15,903,0,0,0,0,0,0,0,0,
node,1,920,30,31, ,919,15,904,0,0,0,0,0,0,0,0,
node,1,921,30,31, ,920,15,905,0,0,0,0,0,0,0,0,
node,1,922,30,31, ,921,15,906,0,0,0,0,0,0,0,0,
node,1,923,30,31, ,922,15,907,0,0,0,0,0,0,0,0,
node,1,924,30,31, ,923,15,908,0,0,0,0,0,0,0,0,
node,1,925,30,31, ,924,15,909,0,0,0,0,0,0,0,0,
node,1,926,30,31, ,925,15,910,0,0,0,0,0,0,0,0,
node,1,927,30,31, ,926,15,911,0,0,0,0,0,0,0,0,
node,1,928,30,31, ,927,15,912,0,0,0,0,0,0,0,0,
node,1,929,30,31, ,928,15,913,0,0,0,0,0,0,0,0,
node,1,930,30,31, ,929,15,914,0,0,0,0,0,0,0,0,
node,1,931,30,31, ,930,15,915,0,0,0,0,0,0,0,0,
node,1,932,30,31, ,931,15,916,0,0,0,0,0,0,0,0,
node,1,933,30,31, ,932,15,917,0,0,0,0,0,0,0,0,
node,1,934,30,31, ,933,15,918,0,0,0,0,0,0,0,0,
node,1,935,30,31, ,934,15,919,0,0,0,0,0,0,0,0,
node,1,936,30,31, ,935,15,920,0,0,0,0,0,0,0,0,
node,1,937,30,31, ,936,15,921,0,0,0,0,0,0,0,0,
node,1,938,30,31, ,937,15,922,0,0,0,0,0,0,0,0,
node,1,939,30,31, ,938,15,923,0,0,0,0,0,0,0,0,
node,1,940,30,31, ,939,15,924,0,0,0,0,0,0,0,0,
node,1,941,30,31, ,940,15,925,0,0,0,0,0,0,0,0,
node,1,942,30,31, ,941,15,926,0,0,0,0,0,0,0,0,
node,1,943,30,31, ,942,15,927,0,0,0,0,0,0,0,0,
node,1,944,30,31, ,943,15,928,0,0,0,0,0,0,0,0,
node,1,945,30,31, ,944,15,929,0,0,0,0,0,0,0,0,
node,1,946,30,31, ,945,15,930,0,0,0,0,0,0,0,0,
node,1,947,30,31, ,946,15,931,0,0,0,0,0,0,0,0,
node,1,948,30,31, ,947,15,932,0,0,0,0,0,0,0,0,
node,1,949,30,31, ,948,15,933,0,0,0,0,0,0,0,0,
node,1,950,30,31, ,949,15,934,0,0,0,0,0,0,0,0,
node,1,951,30,31, ,950,15,935,0,0,0,0,0,0,0,0,
node,1,952,30,31, ,951,15,936,0,0,0,0,0,0,0,0,
node,1,953,30,31, ,952,15,937,0,0,0,0,0,0,0,0,
node,1,954,30,31, ,953,15,938,0,0,0,0,0,0,0,0,
node,1,955,30,31, ,954,15,939,0,0,0,0,0,0,0,0,
node,1,956,30,31, ,955,15,940,0,0,0,0,0,0,0,0,
node,1,957,30,31, ,956,15,941,0,0,0,0,0,0,0,0,
node,1,958,30,31, ,957,15,942,0,0,0,0,0,0,0,0,
node,1,959,30,31, ,958,15,943,0,0,0,0,0,0,0,0,
node,1,960,30,31, ,959,15,944,0,0,0,0,0,0,0,0,
node,1,961,30,31, ,960,16,944,0,0,0,0,0,0,0,0,
node,1,962,30,31, ,961,16,945,0,0,0,0,0,0,0,0,
node,1,963,30,31, ,962,16,946,0,0,0,0,0,0,0,0,
node,1,964,30,31, ,963,16,947,0,0,0,0,0,0,0,0,
node,1,965,30,31, ,964,16,948,0,0,0,0,0,0,0,0,
node,1,966,30,31, ,965,16,949,0,0,0,0,0,0,0,0,
node,1,967,30,31, ,966,16,950,0,0,0,0,0,0,0,0,
node,1,968,30,31, ,967,16,951,0,0,0,0,0,0,0,0,
node,1,969,30,31, ,968,16,952,0,0,0,0,0,0,0,0,
node,1,970,30,31, ,969,16,953,0,0,0,0,0,0,0,0,
node,1,971,30,31, ,970,16,954,0,0,0,0,0,0,0,0,
node,1,972,30,31, ,971,16,955,0,0,0,0,0,0,0,0,
node,1,973,30,31, ,972,16,956,0,0,0,0,0,0,0,0,
node,1,974,30,31, ,973,16,957,0,0,0,0,0,0,0,0,
node,1,975,30,31, ,974,16,958,0,0,0,0,0,0,0,0,
node,1,976,30,31, ,975,16,959,0,0,0,0,0,0,0,0,
node,1,977,30,31, ,976,16,960,0,0,0,0,0,0,0,0,
node,1,978,30,31, ,977,16,961,0,0,0,0,0,0,0,0,
node,1,979,30,31, ,978,16,962,0,0,0,0,0,0,0,0,
node,1,980,30,31, ,979,16,963,0,0,0,0,0,0,0,0,
node,1,981,30,31, ,980,16,964,0,0,0,0,0,0,0,0,
node,1,982,30,31, ,981,16,965,0,0,0,0,0,0,0,0,
node,1,983,30,31, ,982,16,966,0,0,0,0,0,0,0,0,
node,1,984,30,31, ,983,16,967,0,0,0,0,0,0,0,0,
node,1,985,30,31, ,984,16,968,0,0,0,0,0,0,0,0,
node,1,986,30,31, ,985,16,969,0,0,0,0,0,0,0,0,
node,1,987,30,31, ,986,16,970,0,0,0,0,0,0,0,0,
node,1,988,30,31, ,987,16,971,0,0,0,0,0,0,0,0,
node,1,989,30,31, ,988,16,972,0,0,0,0,0,0,0,0,
node,1,990,30,31, ,989,16,973,0,0,0,0,0,0,0,0,
node,1,991,30,31, ,990,16,974,0,0,0,0,0,0,0,0,
node,1,992,30,31, ,991,16,975,0,0,0,0,0,0,0,0,
node,1,993,30,31, ,992,16,976,0,0,0,0,0,0,0,0,
node,1,994,30,31, ,993,16,977,0,0,0,0,0,0,0,0,
node,1,995,30,31, ,994,16,978,0,0,0,0,0,0,0,0,
node,1,996,30,31, ,995,16,979,0,0,0,0,0,0,0,0,
node,1,997,30,31, ,996,16,980,0,0,0,0,0,0,0,0,
node,1,998,30,31, ,997,16,981,0,0,0,0,0,0,0,0,
node,1,999,30,31, ,998,16,982,0,0,0,0,0,0,0,0,
node,1,1000,30,31, ,999,16,983,0,0,0,0,0,0,0,0,
node,1,1001,30,31, ,1000,16,984,0,0,0,0,0,0,0,0,
node,1,1002,30,31, ,1001,16,985,0,0,0,0,0,0,0,0,
node,1,1003,30,31, ,1002,16,986,0,0,0,0,0,0,0,0,
node,1,1004,30,31, ,1003,16,987,0,0,0,0,0,0,0,0,
node,1,1005,30,31, ,1004,16,988,0,0,0,0,0,0,0,0,
node,1,1006,30,31, ,1005,16,989,0,0,0,0,0,0,0,0,
node,1,1007,30,31, ,1006,16,990,0,0,0,0,0,0,0,0,
node,1,1008,30,31, ,1007,16,991,0,0,0,0,0,0,0,0,
node,1,1009,30,31, ,1008,16,992,0,0,0,0,0,0,0,0,
node,1,1010,30,31, ,1009,16,993,0,0,0,0,0,0,0,0,
node,1,1011,30,31, ,1010,16,994,0,0,0,0,0,0,0,0,
node,1,1012,30,31, ,1011,16,995,0,0,0,0,0,0,0,0,
node,1,1013,30,31, ,1012,16,996,0,0,0,0,0,0,0,0,
node,1,1014,30,31, ,1013,16,997,0,0,0,0,0,0,0,0,
node,1,1015,30,31, ,1014,16,998,0,0,0,0,0,0,0,0,
node,1,1016,30,31, ,1015,16,999,0,0,0,0,0,0,0,0,
node,1,1017,30,31, ,1016,16,1000,0,0,0,0,0,0,0,0,
node,1,1018,30,31, ,1017,16,1001,0,0,0,0,0,0,0,0,
node,1,1019,30,31, ,1018,16,1002,0,0,0,0,0,0,0,0,
node,1,1020,30,31, ,1019,16,1003,0,0,0,0,0,0,0,0,
node,1,1021,30,31, ,1020,17,1003,0,0,0,0,0,0,0,0,
node,1,1022,30,31, ,1021,17,1004,0,0,0,0,0,0,0,0,
node,1,1023,30,31, ,1022,17,1005,0,0,0,0,0,0,0,0,
node,1,1024,30,31, ,1023,17,1006,0,0,0,0,0,0,0,0,
node,1,1025,30,31, ,1024,17,1007,0,0,0,0,0,0,0,0,
node,1,1026,30,31, ,1025,17,1008,0,0,0,0,0,0,0,0,
node,1,1027,30,31, ,1026,17,1009,0,0,0,0,0,0,0,0,
node,1,1028,30,31, ,1027,17,1010,0,0,0,0,0,0,0,0,
node,1,1029,30,31, ,1028,17,1011,0,0,0,0,0,0,0,0,
node,1,1030,30,31, ,1029,17,1012,0,0,0,0,0,0,0,0,
node,1,1031,30,31, ,1030,17,1013,0,0,0,0,0,0,0,0,
node,1,1032,30,31, ,1031,17,1014,0,0,0,0,0,0,0,0,
node,1,1033,30,31, ,1032,17,1015,0,0,0,0,0,0,0,0,
node,1,1034,30,31, ,1033,17,1016,0,0,0,0,0,0,0,0,
node,1,1035,30,31, ,1034,17,1017,0,0,0,0,0,0,0,0,
node,1,1036,30,31, ,1035,17,1018,0,0,0,0,0,0,0,0,
node,1,1037,30,31, ,1036,17,1019,0,0,0,0,0,0,0,0,
node,1,1038,30,31, ,1037,17,1020,0,0,0,0,0,0,0,0,
node,1,1039,30,31, ,1038,17,1021,0,0,0,0,0,0,0,0,
node,1,1040,30,31, ,1039,17,1022,0,0,0,0,0,0,0,0,
node,1,1041,30,31, ,1040,17,1023,0,0,0,0,0,0,0,0,
node,1,1042,30,31, ,1041,17,1024,0,0,0,0,0,0,0,0,
node,1,1043,30,31, ,1042,17,1025,0,0,0,0,0,0,0,0,
node,1,1044,30,31, ,1043,17,1026,0,0,0,0,0,0,0,0,
node,1,1045,30,31, ,1044,17,1027,0,0,0,0,0,0,0,0,
node,1,1046,30,31, ,1045,17,1028,0,0,0,0,0,0,0,0,
node,1,1047,30,31, ,1046,17,1029,0,0,0,0,0,0,0,0,
node,1,1048,30,31, ,1047,17,1030,0,0,0,0,0,0,0,0,
node,1,1049,30,31, ,1048,17,1031,0,0,0,0,0,0,0,0,
node,1,1050,30,31, ,1049,17,1032,0,0,0,0,0,0,0,0,
node,1,1051,30,31, ,1050,17,1033,0,0,0,0,0,0,0,0,
node,1,1052,30,31, ,1051,17,1034,0,0,0,0,0,0,0,0,
node,1,1053,30,31, ,1052,17,1035,0,0,0,0,0,0,0,0,
node,1,1054,30,31, ,1053,17,1036,0,0,0,0,0,0,0,0,
node,1,1055,30,31, ,1054,17,1037,0,0,0,0,0,0,0,0,
node,1,1056,30,31, ,1055,17,1038,0,0,0,0,0,0,0,0,
node,1,1057,30,31, ,1056,17,1039,0,0,0,0,0,0,0,0,
node,1,1058,30,31, ,1057,17,1040,0,0,0,0,0,0,0,0,
node,1,1059,30,31, ,1058,17,1041,0,0,0,0,0,0,0,0,
node,1,1060,30,31, ,1059,17,1042,0,0,0,0,0,0,0,0,
node,1,1061,30,31, ,1060,17,1043,0,0,0,0,0,0,0,0,
node,1,1062,30,31, ,1061,17,1044,0,0,0,0,0,0,0,0,
node,1,1063,30,31, ,1062,17,1045,0,0,0,0,0,0,0,0,
node,1,1064,30,31, ,1063,17,1046,0,0,0,0,0,0,0,0,
node,1,1065,30,31, ,1064,17,1047,0,0,0,0,0,0,0,0,
node,1,1066,30,31, ,1065,17,1048,0,0,0,0,0,0,0,0,
node,1,1067,30,31, ,1066,17,1049,0,0,0,0,0,0,0,0,
node,1,1068,30,31, ,1067,17,1050,0,0,0,0,0,0,0,0,
node,1,1069,30,31, ,1068,17,1051,0,0,0,0,0,0,0,0,
node,1,1070,30,31, ,1069,17,1052,0,0,0,0,0,0,0,0,
node,1,1071,30,31, ,1070,17,1053,0,0,0,0,0,0,0,0,
node,1,1072,30,31, ,1071,17,1054,0,0,0,0,0,0,0,0,
node,1,1073,30,31, ,1072,17,1055,0,0,0,0,0,0,0,0,
node,1,1074,30,31, ,1073,17,1056,0,0,0,0,0,0,0,0,
node,1,1075,30,31, ,1074,17,1057,0,0,0,0,0,0,0,0,
node,1,1076,30,31, ,1075,17,1058,0,0,0,0,0,0,0,0,
node,1,1077,30,31, ,1076,17,1059,0,0,0,0,0,0,0,0,
node,1,1078,30,31, ,1077,17,1060,0,0,0,0,0,0,0,0,
node,1,1079,30,31, ,1078,17,1061,0,0,0,0,0,0,0,0,
node,1,1080,30,31, ,1079,17,1062,0,0,0,0,0,0,0,0,
node,1,1081,30,31, ,1080,18,1062,0,0,0,0,0,0,0,0,
node,1,1082,30,31, ,1081,18,1063,0,0,0,0,0,0,0,0,
node,1,1083,30,31, ,1082,18,1064,0,0,0,0,0,0,0,0,
node,1,1084,30,31, ,1083,18,1065,0,0,0,0,0,0,0,0,
node,1,1085,30,31, ,1084,18,1066,0,0,0,0,0,0,0,0,
node,1,1086,30,31, ,1085,18,1067,0,0,0,0,0,0,0,0,
node,1,1087,30,31, ,1086,18,1068,0,0,0,0,0,0,0,0,
node,1,1088,30,31, ,1087,18,1069,0,0,0,0,0,0,0,0,
node,1,1089,30,31, ,1088,18,1070,0,0,0,0,0,0,0,0,
node,1,1090,30,31, ,1089,18,1071,0,0,0,0,0,0,0,0,
node,1,1091,30,31, ,1090,18,1072,0,0,0,0,0,0,0,0,
node,1,1092,30,31, ,1091,18,1073,0,0,0,0,0,0,0,0,
node,1,1093,30,31, ,1092,18,1074,0,0,0,0,0,0,0,0,
node,1,1094,30,31, ,1093,18,1075,0,0,0,0,0,0,0,0,
node,1,1095,30,31, ,1094,18,1076,0,0,0,0,0,0,0,0,
node,1,1096,30,31, ,1095,18,1077,0,0,0,0,0,0,0,0,
node,1,1097,30,31, ,1096,18,1078,0,0,0,0,0,0,0,0,
node,1,1098,30,31, ,1097,18,1079,0,0,0,0,0,0,0,0,
node,1,1099,30,31, ,1098,18,1080,0,0,0,0,0,0,0,0,
node,1,1100,30,31, ,1099,18,1081,0,0,0,0,0,0,0,0,
node,1,1101,30,31, ,1100,18,1082,0,0,0,0,0,0,0,0,
node,1,1102,30,31, ,1101,18,1083,0,0,0,0,0,0,0,0,
node,1,1103,30,31, ,1102,18,1084,0,0,0,0,0,0,0,0,
node,1,1104,30,31, ,1103,18,1085,0,0,0,0,0,0,0,0,
node,1,1105,30,31, ,1104,18,1086,0,0,0,0,0,0,0,0,
node,1,1106,30,31, ,1105,18,1087,0,0,0,0,0,0,0,0,
node,1,1107,30,31, ,1106,18,1088,0,0,0,0,0,0,0,0,
node,1,1108,30,31, ,1107,18,1089,0,0,0,0,0,0,0,0,
node,1,1109,30,31, ,1108,18,1090,0,0,0,0,0,0,0,0,
node,1,1110,30,31, ,1109,18,1091,0,0,0,0,0,0,0,0,
node,1,1111,30,31, ,1110,18,1092,0,0,0,0,0,0,0,0,
node,1,1112,30,31, ,1111,18,1093,0,0,0,0,0,0,0,0,
node,1,1113,30,31, ,1112,18,1094,0,0,0,0,0,0,0,0,
node,1,1114,30,31, ,1113,18,1095,0,0,0,0,0,0,0,0,
node,1,1115,30,31, ,1114,18,1096,0,0,0,0,0,0,0,0,
node,1,1116,30,31, ,1115,18,1097,0,0,0,0,0,0,0,0,
node,1,1117,30,31, ,1116,18,1098,0,0,0,0,0,0,0,0,
node,1,1118,30,31, ,1117,18,1099,0,0,0,0,0,0,0,0,
node,1,1119,30,31, ,1118,18,1100,0,0,0,0,0,0,0,0,
node,1,1120,30,31, ,1119,18,1101,0,0,0,0,0,0,0,0,
node,1,1121,30,31, ,1120,18,1102,0,0,0,0,0,0,0,0,
node,1,1122,30,31, ,1121,18,1103,0,0,0,0,0,0,0,0,
node,1,1123,30,31, ,1122,18,1104,0,0,0,0,0,0,0,0,
node,1,1124,30,31, ,1123,18,1105,0,0,0,0,0,0,0,0,
node,1,1125,30,31, ,1124,18,1106,0,0,0,0,0,0,0,0,
node,1,1126,30,31, ,1125,18,1107,0,0,0,0,0,0,0,0,
node,1,1127,30,31, ,1126,18,1108,0,0,0,0,0,0,0,0,
node,1,1128,30,31, ,1127,18,1109,0,0,0,0,0,0,0,0,
node,1,1129,30,31, ,1128,18,1110,0,0,0,0,0,0,0,0,
node,1,1130,30,31, ,1129,18,1111,0,0,0,0,0,0,0,0,
node,1,1131,30,31, ,1130,18,1112,0,0,0,0,0,0,0,0,
node,1,1132,30,31, ,1131,18,1113,0,0,0,0,0,0,0,0,
node,1,1133,30,31, ,1132,18,1114,0,0,0,0,0,0,0,0,
node,1,1134,30,31, ,1133,18,1115,0,0,0,0,0,0,0,0,
node,1,1135,30,31, ,1134,18,1116,0,0,0,0,0,0,0,0,
node,1,1136,30,31, ,1135,18,1117,0,0,0,0,0,0,0,0,
node,1,1137,30,31, ,1136,18,1118,0,0,0,0,0,0,0,0,
node,1,1138,30,31, ,1137,18,1119,0,0,0,0,0,0,0,0,
node,1,1139,30,31, ,1138,18,1120,0,0,0,0,0,0,0,0,
node,1,1140,30,31, ,1139,18,1121,0,0,0,0,0,0,0,0,
node,1,1141,30,31, ,1140,19,1121,0,0,0,0,0,0,0,0,
node,1,1142,30,31, ,1141,19,1122,0,0,0,0,0,0,0,0,
node,1,1143,30,31, ,1142,19,1123,0,0,0,0,0,0,0,0,
node,1,1144,30,31, ,1143,19,1124,0,0,0,0,0,0,0,0,
node,1,1145,30,31, ,1144,19,1125,0,0,0,0,0,0,0,0,
node,1,1146,30,31, ,1145,19,1126,0,0,0,0,0,0,0,0,
node,1,1147,30,31, ,1146,19,1127,0,0,0,0,0,0,0,0,
node,1,1148,30,31, ,1147,19,1128,0,0,0,0,0,0,0,0,
node,1,1149,30,31, ,1148,19,1129,0,0,0,0,0,0,0,0,
node,1,1150,30,31, ,1149,19,1130,0,0,0,0,0,0,0,0,
node,1,1151,30,31, ,1150,19,1131,0,0,0,0,0,0,0,0,
node,1,1152,30,31, ,1151,19,1132,0,0,0,0,0,0,0,0,
node,1,1153,30,31, ,1152,19,1133,0,0,0,0,0,0,0,0,
node,1,1154,30,31, ,1153,19,1134,0,0,0,0,0,0,0,0,
node,1,1155,30,31, ,1154,19,1135,0,0,0,0,0,0,0,0,
node,1,1156,30,31, ,1155,19,1136,0,0,0,0,0,0,0,0,
node,1,1157,30,31, ,1156,19,1137,0,0,0,0,0,0,0,0,
node,1,1158,30,31, ,1157,19,1138,0,0,0,0,0,0,0,0,
node,1,1159,30,31, ,1158,19,1139,0,0,0,0,0,0,0,0,
node,1,1160,30,31, ,1159,19,1140,0,0,0,0,0,0,0,0,
node,1,1161,30,31, ,1160,19,1141,0,0,0,0,0,0,0,0,
node,1,1162,30,31, ,1161,19,1142,0,0,0,0,0,0,0,0,
node,1,1163,30,31, ,1162,19,1143,0,0,0,0,0,0,0,0,
node,1,1164,30,31, ,1163,19,1144,0,0,0,0,0,0,0,0,
node,1,1165,30,31, ,1164,19,1145,0,0,0,0,0,0,0,0,
node,1,1166,30,31, ,1165,19,1146,0,0,0,0,0,0,0,0,
node,1,1167,30,31, ,1166,19,1147,0,0,0,0,0,0,0,0,
node,1,1168,30,31, ,1167,19,1148,0,0,0,0,0,0,0,0,
node,1,1169,30,31, ,1168,19,1149,0,0,0,0,0,0,0,0,
node,1,1170,30,31, ,1169,19,1150,0,0,0,0,0,0,0,0,
node,1,1171,30,31, ,1170,19,1151,0,0,0,0,0,0,0,0,
node,1,1172,30,31, ,1171,19,1152,0,0,0,0,0,0,0,0,
node,1,1173,30,31, ,1172,19,1153,0,0,0,0,0,0,0,0,
node,1,1174,30,31, ,1173,19,1154,0,0,0,0,0,0,0,0,
node,1,1175,30,31, ,1174,19,1155,0,0,0,0,0,0,0,0,
node,1,1176,30,31, ,1175,19,1156,0,0,0,0,0,0,0,0,
node,1,1177,30,31, ,1176,19,1157,0,0,0,0,0,0,0,0,
node,1,1178,30,31, ,1177,19,1158,0,0,0,0,0,0,0,0,
node,1,1179,30,31, ,1178,19,1159,0,0,0,0,0,0,0,0,
node,1,1180,30,31, ,1179,19,1160,0,0,0,0,0,0,0,0,
node,1,1181,30,31, ,1180,19,1161,0,0,0,0,0,0,0,0,
node,1,1182,30,31, ,1181,19,1162,0,0,0,0,0,0,0,0,
node,1,1183,30,31, ,1182,19,1163,0,0,0,0,0,0,0,0,
node,1,1184,30,31, ,1183,19,1164,0,0,0,0,0,0,0,0,
node,1,1185,30,31, ,1184,19,1165,0,0,0,0,0,0,0,0,
node,1,1186,30,31, ,1185,19,1166,0,0,0,0,0,0,0,0,
node,1,1187,30,31, ,1186,19,1167,0,0,0,0,0,0,0,0,
node,1,1188,30,31, ,1187,19,1168,0,0,0,0,0,0,0,0,
node,1,1189,30,31, ,1188,19,1169,0,0,0,0,0,0,0,0,
node,1,1190,30,31, ,1189,19,1170,0,0,0,0,0,0,0,0,
node,1,1191,30,31, ,1190,19,1171,0,0,0,0,0,0,0,0,
node,1,1192,30,31, ,1191,19,1172,0,0,0,0,0,0,0,0,
node,1,1193,30,31, ,1192,19,1173,0,0,0,0,0,0,0,0,
node,1,1194,30,31, ,1193,19,1174,0,0,0,0,0,0,0,0,
node,1,1195,30,31, ,1194,19,1175,0,0,0,0,0,0,0,0,
node,1,1196,30,31, ,1195,19,1176,0,0,0,0,0,0,0,0,
node,1,1197,30,31, ,1196,19,1177,0,0,0,0,0,0,0,0,
node,1,1198,30,31, ,1197,19,1178,0,0,0,0,0,0,0,0,
node,1,1199,30,31, ,1198,19,1179,0,0,0,0,0,0,0,0,
node,1,1200,30,31, ,1199,19,1180,0,0,0,0,0,0,0,0,
node,1,1201,30,31, ,1200,20,1180,0,0,0,0,0,0,0,0,
node,1,1202,30,31, ,1201,20,1181,0,0,0,0,0,0,0,0,
node,1,1203,30,31, ,1202,20,1182,0,0,0,0,0,0,0,0,
node,1,1204,30,31, ,1203,20,1183,0,0,0,0,0,0,0,0,
node,1,1205,30,31, ,1204,20,1184,0,0,0,0,0,0,0,0,
node,1,1206,30,31, ,1205,20,1185,0,0,0,0,0,0,0,0,
node,1,1207,30,31, ,1206,20,1186,0,0,0,0,0,0,0,0,
node,1,1208,30,31, ,1207,20,1187,0,0,0,0,0,0,0,0,
node,1,1209,30,31, ,1208,20,1188,0,0,0,0,0,0,0,0,
node,1,1210,30,31, ,1209,20,1189,0,0,0,0,0,0,0,0,
node,1,1211,30,31, ,1210,20,1190,0,0,0,0,0,0,0,0,
node,1,1212,30,31, ,1211,20,1191,0,0,0,0,0,0,0,0,
node,1,1213,30,31, ,1212,20,1192,0,0,0,0,0,0,0,0,
node,1,1214,30,31, ,1213,20,1193,0,0,0,0,0,0,0,0,
node,1,1215,30,31, ,1214,20,1194,0,0,0,0,0,0,0,0,
node,1,1216,30,31, ,1215,20,1195,0,0,0,0,0,0,0,0,
node,1,1217,30,31, ,1216,20,1196,0,0,0,0,0,0,0,0,
node,1,1218,30,31, ,1217,20,1197,0,0,0,0,0,0,0,0,
node,1,1219,30,31, ,1218,20,1198,0,0,0,0,0,0,0,0,
node,1,1220,30,31, ,1219,20,1199,0,0,0,0,0,0,0,0,
node,1,1221,30,31, ,1220,20,1200,0,0,0,0,0,0,0,0,
node,1,1222,30,31, ,1221,20,1201,0,0,0,0,0,0,0,0,
node,1,1223,30,31, ,1222,20,1202,0,0,0,0,0,0,0,0,
node,1,1224,30,31, ,1223,20,1203,0,0,0,0,0,0,0,0,
node,1,1225,30,31, ,1224,20,1204,0,0,0,0,0,0,0,0,
node,1,1226,30,31, ,1225,20,1205,0,0,0,0,0,0,0,0,
node,1,1227,30,31, ,1226,20,1206,0,0,0,0,0,0,0,0,
node,1,1228,30,31, ,1227,20,1207,0,0,0,0,0,0,0,0,
node,1,1229,30,31, ,1228,20,1208,0,0,0,0,0,0,0,0,
node,1,1230,30,31, ,1229,20,1209,0,0,0,0,0,0,0,0,
node,1,1231,30,31, ,1230,20,1210,0,0,0,0,0,0,0,0,
node,1,1232,30,31, ,1231,20,1211,0,0,0,0,0,0,0,0,
node,1,1233,30,31, ,1232,20,1212,0,0,0,0,0,0,0,0,
node,1,1234,30,31, ,1233,20,1213,0,0,0,0,0,0,0,0,
node,1,1235,30,31, ,1234,20,1214,0,0,0,0,0,0,0,0,
node,1,1236,30,31, ,1235,20,1215,0,0,0,0,0,0,0,0,
node,1,1237,30,31, ,1236,20,1216,0,0,0,0,0,0,0,0,
node,1,1238,30,31, ,1237,20,1217,0,0,0,0,0,0,0,0,
node,1,1239,30,31, ,1238,20,1218,0,0,0,0,0,0,0,0,
node,1,1240,30,31, ,1239,20,1219,0,0,0,0,0,0,0,0,
node,1,1241,30,31, ,1240,20,1220,0,0,0,0,0,0,0,0,
node,1,1242,30,31, ,1241,20,1221,0,0,0,0,0,0,0,0,
node,1,1243,30,31, ,1242,20,1222,0,0,0,0,0,0,0,0,
node,1,1244,30,31, ,1243,20,1223,0,0,0,0,0,0,0,0,
node,1,1245,30,31, ,1244,20,1224,0,0,0,0,0,0,0,0,
node,1,1246,30,31, ,1245,20,1225,0,0,0,0,0,0,0,0,
node,1,1247,30,31, ,1246,20,1226,0,0,0,0,0,0,0,0,
node,1,1248,30,31, ,1247,20,1227,0,0,0,0,0,0,0,0,
node,1,1249,30,31, ,1248,20,1228,0,0,0,0,0,0,0,0,
node,1,1250,30,31, ,1249,20,1229,0,0,0,0,0,0,0,0,
node,1,1251,30,31, ,1250,20,1230,0,0,0,0,0,0,0,0,
node,1,1252,30,31, ,1251,20,1231,0,0,0,0,0,0,0,0,
node,1,1253,30,31, ,1252,20,1232,0,0,0,0,0,0,0,0,
node,1,1254,30,31, ,1253,20,1233,0,0,0,0,0,0,0,0,
node,1,1255,30,31, ,1254,20,1234,0,0,0,0,0,0,0,0,
node,1,1256,30,31, ,1255,20,1235,0,0,0,0,0,0,0,0,
node,1,1257,30,31, ,1256,20,1236,0,0,0,0,0,0,0,0,
node,1,1258,30,31, ,1257,20,1237,0,0,0,0,0,0,0,0,
node,1,1259,30,31, ,1258,20,1238,0,0,0,0,0,0,0,0,
node,1,1260,30,31, ,1259,20,1239,0,0,0,0,0,0,0,0,
node,1,1261,30,31, ,1260,21,1239,0,0,0,0,0,0,0,0,
node,1,1262,30,31, ,1261,21,1240,0,0,0,0,0,0,0,0,
node,1,1263,30,31, ,1262,21,1241,0,0,0,0,0,0,0,0,
node,1,1264,30,31, ,1263,21,1242,0,0,0,0,0,0,0,0,
node,1,1265,30,31, ,1264,21,1243,0,0,0,0,0,0,0,0,
node,1,1266,30,31, ,1265,21,1244,0,0,0,0,0,0,0,0,
node,1,1267,30,31, ,1266,21,1245,0,0,0,0,0,0,0,0,
node,1,1268,30,31, ,1267,21,1246,0,0,0,0,0,0,0,0,
node,1,1269,30,31, ,1268,21,1247,0,0,0,0,0,0,0,0,
node,1,1270,30,31, ,1269,21,1248,0,0,0,0,0,0,0,0,
node,1,1271,30,31, ,1270,21,1249,0,0,0,0,0,0,0,0,
node,1,1272,30,31, ,1271,21,1250,0,0,0,0,0,0,0,0,
node,1,1273,30,31, ,1272,21,1251,0,0,0,0,0,0,0,0,
node,1,1274,30,31, ,1273,21,1252,0,0,0,0,0,0,0,0,
node,1,1275,30,31, ,1274,21,1253,0,0,0,0,0,0,0,0,
node,1,1276,30,31, ,1275,21,1254,0,0,0,0,0,0,0,0,
node,1,1277,30,31, ,1276,21,1255,0,0,0,0,0,0,0,0,
node,1,1278,30,31, ,1277,21,1256,0,0,0,0,0,0,0,0,
node,1,1279,30,31, ,1278,21,1257,0,0,0,0,0,0,0,0,
node,1,1280,30,31, ,1279,21,1258,0,0,0,0,0,0,0,0,
node,1,1281,30,31, ,1280,21,1259,0,0,0,0,0,0,0,0,
node,1,1282,30,31, ,1281,21,1260,0,0,0,0,0,0,0,0,
node,1,1283,30,31, ,1282,21,1261,0,0,0,0,0,0,0,0,
node,1,1284,30,31, ,1283,21,1262,0,0,0,0,0,0,0,0,
node,1,1285,30,31, ,1284,21,1263,0,0,0,0,0,0,0,0,
node,1,1286,30,31, ,1285,21,1264,0,0,0,0,0,0,0,0,
node,1,1287,30,31, ,1286,21,1265,0,0,0,0,0,0,0,0,
node,1,1288,30,31, ,1287,21,1266,0,0,0,0,0,0,0,0,
node,1,1289,30,31, ,1288,21,1267,0,0,0,0,0,0,0,0,
node,1,1290,30,31, ,1289,21,1268,0,0,0,0,0,0,0,0,
node,1,1291,30,31, ,1290,21,1269,0,0,0,0,0,0,0,0,
node,1,1292,30,31, ,1291,21,1270,0,0,0,0,0,0,0,0,
node,1,1293,30,31, ,1292,21,1271,0,0,0,0,0,0,0,0,
node,1,1294,30,31, ,1293,21,1272,0,0,0,0,0,0,0,0,
node,1,1295,30,31, ,1294,21,1273,0,0,0,0,0,0,0,0,
node,1,1296,30,31, ,1295,21,1274,0,0,0,0,0,0,0,0,
node,1,1297,30,31, ,1296,21,1275,0,0,0,0,0,0,0,0,
node,1,1298,30,31, ,1297,21,1276,0,0,0,0,0,0,0,0,
node,1,1299,30,31, ,1298,21,1277,0,0,0,0,0,0,0,0,
node,1,1300,30,31, ,1299,21,1278,0,0,0,0,0,0,0,0,
node,1,1301,30,31, ,1300,21,1279,0,0,0,0,0,0,0,0,
node,1,1302,30,31, ,1301,21,1280,0,0,0,0,0,0,0,0,
node,1,1303,30,31, ,1302,21,1281,0,0,0,0,0,0,0,0,
node,1,1304,30,31, ,1303,21,1282,0,0,0,0,0,0,0,0,
node,1,1305,30,31, ,1304,21,1283,0,0,0,0,0,0,0,0,
node,1,1306,30,31, ,1305,21,1284,0,0,0,0,0,0,0,0,
node,1,1307,30,31, ,1306,21,1285,0,0,0,0,0,0,0,0,
node,1,1308,30,31, ,1307,21,1286,0,0,0,0,0,0,0,0,
node,1,1309,30,31, ,1308,21,1287,0,0,0,0,0,0,0,0,
node,1,1310,30,31, ,1309,21,1288,0,0,0,0,0,0,0,0,
node,1,1311,30,31, ,1310,21,1289,0,0,0,0,0,0,0,0,
node,1,1312,30,31, ,1311,21,1290,0,0,0,0,0,0,0,0,
node,1,1313,30,31, ,1312,21,1291,0,0,0,0,0,0,0,0,
node,1,1314,30,31, ,1313,21,1292,0,0,0,0,0,0,0,0,
node,1,1315,30,31, ,1314,21,1293,0,0,0,0,0,0,0,0,
node,1,1316,30,31, ,1315,21,1294,0,0,0,0,0,0,0,0,
node,1,1317,30,31, ,1316,21,1295,0,0,0,0,0,0,0,0,
node,1,1318,30,31, ,1317,21,1296,0,0,0,0,0,0,0,0,
node,1,1319,30,31, ,1318,21,1297,0,0,0,0,0,0,0,0,
node,1,1320,30,31, ,1319,21,1298,0,0,0,0,0,0,0,0,
node,1,1321,30,31, ,1320,22,1298,0,0,0,0,0,0,0,0,
node,1,1322,30,31, ,1321,22,1299,0,0,0,0,0,0,0,0,
node,1,1323,30,31, ,1322,22,1300,0,0,0,0,0,0,0,0,
node,1,1324,30,31, ,1323,22,1301,0,0,0,0,0,0,0,0,
node,1,1325,30,31, ,1324,22,1302,0,0,0,0,0,0,0,0,
node,1,1326,30,31, ,1325,22,1303,0,0,0,0,0,0,0,0,
node,1,1327,30,31, ,1326,22,1304,0,0,0,0,0,0,0,0,
node,1,1328,30,31, ,1327,22,1305,0,0,0,0,0,0,0,0,
node,1,1329,30,31, ,1328,22,1306,0,0,0,0,0,0,0,0,
node,1,1330,30,31, ,1329,22,1307,0,0,0,0,0,0,0,0,
node,1,1331,30,31, ,1330,22,1308,0,0,0,0,0,0,0,0,
node,1,1332,30,31, ,1331,22,1309,0,0,0,0,0,0,0,0,
node,1,1333,30,31, ,1332,22,1310,0,0,0,0,0,0,0,0,
node,1,1334,30,31, ,1333,22,1311,0,0,0,0,0,0,0,0,
node,1,1335,30,31, ,1334,22,1312,0,0,0,0,0,0,0,0,
node,1,1336,30,31, ,1335,22,1313,0,0,0,0,0,0,0,0,
node,1,1337,30,31, ,1336,22,1314,0,0,0,0,0,0,0,0,
node,1,1338,30,31, ,1337,22,1315,0,0,0,0,0,0,0,0,
node,1,1339,30,31, ,1338,22,1316,0,0,0,0,0,0,0,0,
node,1,1340,30,31, ,1339,22,1317,0,0,0,0,0,0,0,0,
node,1,1341,30,31, ,1340,22,1318,0,0,0,0,0,0,0,0,
node,1,1342,30,31, ,1341,22,1319,0,0,0,0,0,0,0,0,
node,1,1343,30,31, ,1342,22,1320,0,0,0,0,0,0,0,0,
node,1,1344,30,31, ,1343,22,1321,0,0,0,0,0,0,0,0,
node,1,1345,30,31, ,1344,22,1322,0,0,0,0,0,0,0,0,
node,1,1346,30,31, ,1345,22,1323,0,0,0,0,0,0,0,0,
node,1,1347,30,31, ,1346,22,1324,0,0,0,0,0,0,0,0,
node,1,1348,30,31, ,1347,22,1325,0,0,0,0,0,0,0,0,
node,1,1349,30,31, ,1348,22,1326,0,0,0,0,0,0,0,0,
node,1,1350,30,31, ,1349,22,1327,0,0,0,0,0,0,0,0,
node,1,1351,30,31, ,1350,22,1328,0,0,0,0,0,0,0,0,
node,1,1352,30,31, ,1351,22,1329,0,0,0,0,0,0,0,0,
node,1,1353,30,31, ,1352,22,1330,0,0,0,0,0,0,0,0,
node,1,1354,30,31, ,1353,22,1331,0,0,0,0,0,0,0,0,
node,1,1355,30,31, ,1354,22,1332,0,0,0,0,0,0,0,0,
node,1,1356,30,31, ,1355,22,1333,0,0,0,0,0,0,0,0,
node,1,1357,30,31, ,1356,22,1334,0,0,0,0,0,0,0,0,
node,1,1358,30,31, ,1357,22,1335,0,0,0,0,0,0,0,0,
node,1,1359,30,31, ,1358,22,1336,0,0,0,0,0,0,0,0,
node,1,1360,30,31, ,1359,22,1337,0,0,0,0,0,0,0,0,
node,1,1361,30,31, ,1360,22,1338,0,0,0,0,0,0,0,0,
node,1,1362,30,31, ,1361,22,1339,0,0,0,0,0,0,0,0,
node,1,1363,30,31, ,1362,22,1340,0,0,0,0,0,0,0,0,
node,1,1364,30,31, ,1363,22,1341,0,0,0,0,0,0,0,0,
node,1,1365,30,31, ,1364,22,1342,0,0,0,0,0,0,0,0,
node,1,1366,30,31, ,1365,22,1343,0,0,0,0,0,0,0,0,
node,1,1367,30,31, ,1366,22,1344,0,0,0,0,0,0,0,0,
node,1,1368,30,31, ,1367,22,1345,0,0,0,0,0,0,0,0,
node,1,1369,30,31, ,1368,22,1346,0,0,0,0,0,0,0,0,
node,1,1370,30,31, ,1369,22,1347,0,0,0,0,0,0,0,0,
node,1,1371,30,31, ,1370,22,1348,0,0,0,0,0,0,0,0,
node,1,1372,30,31, ,1371,22,1349,0,0,0,0,0,0,0,0,
node,1,1373,30,31, ,1372,22,1350,0,0,0,0,0,0,0,0,
node,1,1374,30,31, ,1373,22,1351,0,0,0,0,0,0,0,0,
node,1,1375,30,31, ,1374,22,1352,0,0,0,0,0,0,0,0,
node,1,1376,30,31, ,1375,22,1353,0,0,0,0,0,0,0,0,
node,1,1377,30,31, ,1376,22,1354,0,0,0,0,0,0,0,0,
node,1,1378,30,31, ,1377,22,1355,0,0,0,0,0,0,0,0,
node,1,1379,30,31, ,1378,22,1356,0,0,0,0,0,0,0,0,
node,1,1380,30,31, ,1379,22,1357,0,0,0,0,0,0,0,0,
node,1,1381,30,31, ,1380,23,1357,0,0,0,0,0,0,0,0,
node,1,1382,30,31, ,1381,23,1358,0,0,0,0,0,0,0,0,
node,1,1383,30,31, ,1382,23,1359,0,0,0,0,0,0,0,0,
node,1,1384,30,31, ,1383,23,1360,0,0,0,0,0,0,0,0,
node,1,1385,30,31, ,1384,23,1361,0,0,0,0,0,0,0,0,
node,1,1386,30,31, ,1385,23,1362,0,0,0,0,0,0,0,0,
node,1,1387,30,31, ,1386,23,1363,0,0,0,0,0,0,0,0,
node,1,1388,30,31, ,1387,23,1364,0,0,0,0,0,0,0,0,
node,1,1389,30,31, ,1388,23,1365,0,0,0,0,0,0,0,0,
node,1,1390,30,31, ,1389,23,1366,0,0,0,0,0,0,0,0,
node,1,1391,30,31, ,1390,23,1367,0,0,0,0,0,0,0,0,
node,1,1392,30,31, ,1391,23,1368,0,0,0,0,0,0,0,0,
node,1,1393,30,31, ,1392,23,1369,0,0,0,0,0,0,0,0,
node,1,1394,30,31, ,1393,23,1370,0,0,0,0,0,0,0,0,
node,1,1395,30,31, ,1394,23,1371,0,0,0,0,0,0,0,0,
node,1,1396,30,31, ,1395,23,1372,0,0,0,0,0,0,0,0,
node,1,1397,30,31, ,1396,23,1373,0,0,0,0,0,0,0,0,
node,1,1398,30,31, ,1397,23,1374,0,0,0,0,0,0,0,0,
node,1,1399,30,31, ,1398,23,1375,0,0,0,0,0,0,0,0,
node,1,1400,30,31, ,1399,23,1376,0,0,0,0,0,0,0,0,
node,1,1401,30,31, ,1400,23,1377,0,0,0,0,0,0,0,0,
node,1,1402,30,31, ,1401,23,1378,0,0,0,0,0,0,0,0,
node,1,1403,30,31, ,1402,23,1379,0,0,0,0,0,0,0,0,
node,1,1404,30,31, ,1403,23,1380,0,0,0,0,0,0,0,0,
node,1,1405,30,31, ,1404,23,1381,0,0,0,0,0,0,0,0,
node,1,1406,30,31, ,1405,23,1382,0,0,0,0,0,0,0,0,
node,1,1407,30,31, ,1406,23,1383,0,0,0,0,0,0,0,0,
node,1,1408,30,31, ,1407,23,1384,0,0,0,0,0,0,0,0,
node,1,1409,30,31, ,1408,23,1385,0,0,0,0,0,0,0,0,
node,1,1410,30,31, ,1409,23,1386,0,0,0,0,0,0,0,0,
node,1,1411,30,31, ,1410,23,1387,0,0,0,0,0,0,0,0,
node,1,1412,30,31, ,1411,23,1388,0,0,0,0,0,0,0,0,
node,1,1413,30,31, ,1412,23,1389,0,0,0,0,0,0,0,0,
node,1,1414,30,31, ,1413,23,1390,0,0,0,0,0,0,0,0,
node,1,1415,30,31, ,1414,23,1391,0,0,0,0,0,0,0,0,
node,1,1416,30,31, ,1415,23,1392,0,0,0,0,0,0,0,0,
node,1,1417,30,31, ,1416,23,1393,0,0,0,0,0,0,0,0,
node,1,1418,30,31, ,1417,23,1394,0,0,0,0,0,0,0,0,
node,1,1419,30,31, ,1418,23,1395,0,0,0,0,0,0,0,0,
node,1,1420,30,31, ,1419,23,1396,0,0,0,0,0,0,0,0,
node,1,1421,30,31, ,1420,23,1397,0,0,0,0,0,0,0,0,
node,1,1422,30,31, ,1421,23,1398,0,0,0,0,0,0,0,0,
node,1,1423,30,31, ,1422,23,1399,0,0,0,0,0,0,0,0,
node,1,1424,30,31, ,1423,23,1400,0,0,0,0,0,0,0,0,
node,1,1425,30,31, ,1424,23,1401,0,0,0,0,0,0,0,0,
node,1,1426,30,31, ,1425,23,1402,0,0,0,0,0,0,0,0,
node,1,1427,30,31, ,1426,23,1403,0,0,0,0,0,0,0,0,
node,1,1428,30,31, ,1427,23,1404,0,0,0,0,0,0,0,0,
node,1,1429,30,31, ,1428,23,1405,0,0,0,0,0,0,0,0,
node,1,1430,30,31, ,1429,23,1406,0,0,0,0,0,0,0,0,
node,1,1431,30,31, ,1430,23,1407,0,0,0,0,0,0,0,0,
node,1,1432,30,31, ,1431,23,1408,0,0,0,0,0,0,0,0,
node,1,1433,30,31, ,1432,23,1409,0,0,0,0,0,0,0,0,
node,1,1434,30,31, ,1433,23,1410,0,0,0,0,0,0,0,0,
node,1,1435,30,31, ,1434,23,1411,0,0,0,0,0,0,0,0,
node,1,1436,30,31, ,1435,23,1412,0,0,0,0,0,0,0,0,
node,1,1437,30,31, ,1436,23,1413,0,0,0,0,0,0,0,0,
node,1,1438,30,31, ,1437,23,1414,0,0,0,0,0,0,0,0,
node,1,1439,30,31, ,1438,23,1415,0,0,0,0,0,0,0,0,
node,1,1440,30,31, ,1439,23,1416,0,0,0,0,0,0,0,0,
